ep,step,t_ms,x,y,yaw_deg,holding,tgt_x,tgt_y,dist,lin,ang,move
0,0,0.0,-6.7357,8.8282,-90.0,0,-6.7357,7.8282,1.0,1.0,-0.0,0.0
0,1,100.0,-6.7357,8.7729,-90.0,0,-6.7357,7.8282,0.9447,0.945,-0.0,0.0553
0,2,200.0,-6.7357,8.6385,-90.0,0,-6.7357,7.8282,0.8103,0.81,-0.0,0.1344
0,3,300.0,-6.7357,8.5129,-90.0,1,-6.0,-12.0,20.5261,-0.9,0.0,0.1256
0,4,400.0,-6.7357,8.4459,-90.0,1,-6.0,-12.0,20.4591,-0.9,0.0,0.0671
0,5,500.0,-6.7357,8.4856,-90.0,1,-6.0,-12.0,20.4988,-0.9,0.0,0.0398
0,6,600.0,-6.7357,8.6114,-90.0,1,-6.0,-12.0,20.6245,-0.9,0.0,0.1257
0,7,700.0,-6.7356,8.747,-90.0,1,-6.0,-12.0,20.76,-0.9,0.0,0.1356
0,8,800.0,-6.7356,8.8827,-90.0,1,-6.0,-12.0,20.8956,-0.9,0.0,0.1357
0,9,900.0,-6.7356,9.0183,-90.0,1,-6.0,-12.0,21.0312,-0.9,0.0,0.1357
0,10,1000.0,-6.7356,9.154,-90.0,1,-6.0,-12.0,21.1668,-0.9,0.0,0.1357
0,11,1100.0,-6.7356,9.2897,-90.0,1,-6.0,-12.0,21.3024,-0.9,0.0,0.1357
0,12,1200.0,-6.7356,9.4253,-90.0,1,-6.0,-12.0,21.438,-0.9,0.0,0.1357
0,13,1300.0,-6.7356,9.561,-90.0,1,-6.0,-12.0,21.5736,-0.9,0.0,0.1357
0,14,1400.0,-6.7356,9.6967,-90.0,1,-6.0,-12.0,21.7091,-0.9,0.0,0.1357
0,15,1500.0,-6.7356,9.8324,-90.0,1,-6.0,-12.0,21.8447,-0.9,0.0,0.1357
0,16,1600.0,-6.7356,9.968,-90.0,1,-6.0,-12.0,21.9803,-0.9,0.0,0.1357
0,17,1700.0,-6.7356,10.1037,-90.0,1,-6.0,-12.0,22.1159,-0.9,0.0,0.1357
0,18,1800.0,-6.7355,10.2394,-90.0,1,-6.0,-12.0,22.2515,-0.9,0.0,0.1357
0,19,1900.0,-6.7355,10.375,-90.0,1,-6.0,-12.0,22.3871,-0.9,0.0,0.1357
0,20,2000.0,-6.7355,10.5107,-90.0,1,-6.0,-12.0,22.5227,-0.9,0.0,0.1357
0,21,2100.0,-6.7355,10.6464,-90.0,1,-6.0,-12.0,22.6583,0.999,0.065,0.1357
0,22,2200.0,-6.7356,10.7271,-89.4,1,-6.0,-12.0,22.739,1.0,0.045,0.0807
0,23,2300.0,-6.7344,10.7013,-89.1,1,-6.0,-12.0,22.7132,1.0,0.032,0.0258
0,24,2400.0,-6.732,10.5753,-88.8,1,-6.0,-12.0,22.5872,1.0,0.022,0.1261
0,25,2500.0,-6.7289,10.4249,-88.6,1,-6.0,-12.0,22.4368,1.0,0.016,0.1504
0,26,2600.0,-6.7253,10.2744,-88.4,1,-6.0,-12.0,22.2862,1.0,0.011,0.1506
0,27,2700.0,-6.7213,10.1238,-88.4,1,-6.0,-12.0,22.1356,1.0,0.008,0.1506
0,28,2800.0,-6.717,9.9732,-88.3,1,-6.0,-12.0,21.9849,1.0,0.005,0.1506
0,29,2900.0,-6.7125,9.8227,-88.2,1,-6.0,-12.0,21.8343,1.0,0.004,0.1506
0,30,3000.0,-6.7079,9.6721,-88.2,1,-6.0,-12.0,21.6837,1.0,0.003,0.1506
0,31,3100.0,-6.7032,9.5216,-88.2,1,-6.0,-12.0,21.5331,1.0,0.002,0.1506
0,32,3200.0,-6.6985,9.371,-88.2,1,-6.0,-12.0,21.3825,1.0,0.006,0.1506
0,33,3300.0,-6.6937,9.2205,-88.1,1,-6.0,-12.0,21.2318,1.0,0.041,0.1506
0,34,3400.0,-6.6888,9.07,-87.8,1,-6.0,-12.0,21.0812,0.998,0.126,0.1506
0,35,3500.0,-6.6832,8.9197,-86.7,1,-6.0,-12.0,20.9309,0.966,0.523,0.1504
0,36,3600.0,-6.6757,8.7734,-82.2,1,-6.0,-12.0,20.7844,0.0,1.0,0.1465
0,37,3700.0,-6.6745,8.6816,-73.6,1,-6.0,-12.0,20.6926,0.0,1.0,0.0918
0,38,3800.0,-6.6741,8.6718,-65.0,1,-6.0,-12.0,20.6827,0.0,1.0,0.0099
0,39,3900.0,-6.6738,8.6717,-56.4,1,-6.0,-12.0,20.6826,0.0,1.0,0.0004
0,40,4000.0,-6.6734,8.6716,-47.8,1,-6.0,-12.0,20.6826,0.0,1.0,0.0003
0,41,4100.0,-6.6731,8.6717,-39.2,1,-6.0,-12.0,20.6826,0.0,1.0,0.0003
0,42,4200.0,-6.6728,8.6718,-30.5,1,-6.0,-12.0,20.6827,0.0,1.0,0.0003
0,43,4300.0,-6.6725,8.6719,-21.9,1,-6.0,-12.0,20.6829,0.0,1.0,0.0003
0,44,4400.0,-6.6722,8.6721,-13.3,1,-6.0,-12.0,20.6831,-0.6,0.8,0.0003
0,45,4500.0,-6.7238,8.6895,-6.4,1,-6.0,-12.0,20.7022,-0.6,0.8,0.0545
0,46,4600.0,-6.8129,8.7017,0.6,1,-6.0,-12.0,20.7177,-0.6,0.8,0.0899
0,47,4700.0,-6.9033,8.703,7.5,1,-6.0,-12.0,20.7227,-0.6,0.8,0.0904
0,48,4800.0,-6.9932,8.6935,14.4,1,-6.0,-12.0,20.7173,-0.6,0.8,0.0904
0,49,4900.0,-7.0813,8.6732,21.3,1,-6.0,-12.0,20.7015,-0.6,0.8,0.0904
0,50,5000.0,-7.1663,8.6425,28.2,1,-6.0,-12.0,20.6754,-0.6,0.8,0.0904
0,51,5100.0,-7.2155,8.6658,34.9,1,-6.0,-12.0,20.7015,-0.6,0.8,0.0544
0,52,5200.0,-7.2641,8.6991,42.0,1,-6.0,-12.0,20.7377,-0.6,0.8,0.059
0,53,5300.0,-7.3162,8.7258,49.1,1,-6.0,-12.0,20.7676,-0.6,0.8,0.0585
0,54,5400.0,-7.3688,8.7451,56.0,1,-6.0,-12.0,20.7902,-0.6,0.8,0.056
0,55,5500.0,-7.4214,8.7575,62.7,1,-6.0,-12.0,20.8061,-0.6,0.8,0.054
0,56,5600.0,-7.4692,8.763,69.3,1,-6.0,-12.0,20.8149,0.0,1.0,0.0482
0,57,5700.0,-7.4805,8.7637,78.0,1,-6.0,-12.0,20.8164,0.0,1.0,0.0113
0,58,5800.0,-7.483,8.7681,86.5,1,-6.0,-12.0,20.821,0.0,1.0,0.0051
0,59,5900.0,-7.4834,8.7684,95.1,1,-6.0,-12.0,20.8213,0.0,1.0,0.0004
0,60,6000.0,-7.4837,8.7686,103.7,1,-6.0,-12.0,20.8215,0.0,1.0,0.0003
0,61,6100.0,-7.4905,8.7792,112.0,1,-6.0,-12.0,20.8326,0.0,1.0,0.0127
0,62,6200.0,-7.5057,8.7981,119.8,1,-6.0,-12.0,20.8525,0.0,1.0,0.0242
0,63,6300.0,-7.5286,8.8192,127.4,1,-6.0,-12.0,20.8752,0.0,1.0,0.0311
0,64,6400.0,-7.5409,8.827,135.8,1,-6.0,-12.0,20.8839,0.0,1.0,0.0146
0,65,6500.0,-7.5421,8.8282,144.5,1,-6.0,-12.0,20.8852,0.0,1.0,0.0017
0,66,6600.0,-7.5424,8.8281,153.1,1,-6.0,-12.0,20.8851,0.0,1.0,0.0003
0,67,6700.0,-7.5427,8.8279,161.7,1,-6.0,-12.0,20.885,0.0,1.0,0.0003
0,68,6800.0,-7.543,8.8277,170.3,1,-6.0,-12.0,20.8848,0.0,1.0,0.0003
0,69,6900.0,-7.5433,8.8275,179.0,1,-6.0,-12.0,20.8846,0.0,1.0,0.0003
0,70,7000.0,-7.5435,8.8272,-172.4,1,-6.0,-12.0,20.8843,0.0,1.0,0.0003
0,71,7100.0,-7.5436,8.8269,-163.8,1,-6.0,-12.0,20.884,-0.6,0.8,0.0003
0,72,7200.0,-7.4915,8.8468,-156.9,1,-6.0,-12.0,20.9001,-0.6,0.8,0.0558
0,73,7300.0,-7.4079,8.8803,-150.0,1,-6.0,-12.0,20.9277,-0.6,0.8,0.09
0,74,7400.0,-7.3286,8.9236,-143.0,1,-6.0,-12.0,20.9658,-0.6,0.8,0.0904
0,75,7500.0,-7.255,8.9762,-136.1,1,-6.0,-12.0,21.0137,-0.6,0.8,0.0904
0,76,7600.0,-7.1883,9.0372,-129.2,1,-6.0,-12.0,21.0708,-0.6,0.8,0.0904
0,77,7700.0,-7.1294,9.1058,-122.3,1,-6.0,-12.0,21.136,-0.6,0.8,0.0904
0,78,7800.0,-7.0792,9.181,-115.4,1,-6.0,-12.0,21.2085,-0.6,0.8,0.0904
0,79,7900.0,-7.0384,9.2617,-108.5,1,-6.0,-12.0,21.2871,-0.6,0.8,0.0904
0,80,8000.0,-7.0077,9.3467,-101.6,1,-6.0,-12.0,21.3705,-0.6,0.8,0.0904
0,81,8100.0,-6.9873,9.4348,-94.7,1,-6.0,-12.0,21.4575,-0.6,0.8,0.0904
0,82,8200.0,-6.9777,9.5247,-87.8,1,-6.0,-12.0,21.5469,-0.6,0.8,0.0904
0,83,8300.0,-6.979,9.6151,-80.9,1,-6.0,-12.0,21.6373,0.994,-0.228,0.0904
0,84,8400.0,-6.9589,9.6512,-82.7,1,-6.0,-12.0,21.6724,0.997,-0.165,0.0413
0,85,8500.0,-6.9391,9.5792,-84.1,1,-6.0,-12.0,21.5996,0.998,-0.118,0.0747
0,86,8600.0,-6.9232,9.434,-85.2,1,-6.0,-12.0,21.4539,0.999,-0.083,0.146
0,87,8700.0,-6.9101,9.2841,-85.9,1,-6.0,-12.0,21.3036,0.999,-0.08,0.1504
0,88,8800.0,-6.8989,9.1341,-86.6,1,-6.0,-12.0,21.1532,0.998,-0.118,0.1505
0,89,8900.0,-6.8895,8.984,-87.6,1,-6.0,-12.0,21.0028,0.991,-0.272,0.1504
0,90,9000.0,-6.8825,8.8347,-89.9,1,-6.0,-12.0,20.8534,0.0,-1.0,0.1494
0,91,9100.0,-6.8806,8.7398,-98.5,1,-6.0,-12.0,20.7585,0.0,-1.0,0.0949
0,92,9200.0,-6.8808,8.7287,-107.1,1,-6.0,-12.0,20.7474,0.0,-1.0,0.0111
0,93,9300.0,-6.8812,8.7285,-115.7,1,-6.0,-12.0,20.7472,0.0,-1.0,0.0004
0,94,9400.0,-6.8815,8.7284,-124.3,1,-6.0,-12.0,20.7472,0.0,-1.0,0.0003
0,95,9500.0,-6.8818,8.7284,-133.0,1,-6.0,-12.0,20.7472,0.0,-1.0,0.0003
0,96,9600.0,-6.8822,8.7285,-141.6,1,-6.0,-12.0,20.7472,0.0,-1.0,0.0003
0,97,9700.0,-6.8825,8.7286,-150.2,1,-6.0,-12.0,20.7473,0.0,-1.0,0.0003
0,98,9800.0,-6.8828,8.7287,-158.8,1,-6.0,-12.0,20.7475,0.0,-1.0,0.0003
0,99,9900.0,-6.8831,8.7289,-167.5,1,-6.0,-12.0,20.7477,-0.6,0.8,0.0003
0,100,10000.0,-6.8335,8.7473,-161.1,1,-6.0,-12.0,20.764,-0.6,0.8,0.0529
0,101,10100.0,-6.7479,8.7747,-154.2,1,-6.0,-12.0,20.7882,-0.6,0.8,0.0899
0,102,10200.0,-6.6656,8.8121,-147.3,1,-6.0,-12.0,20.8228,-0.6,0.8,0.0904
0,103,10300.0,-6.5884,8.8592,-140.3,1,-6.0,-12.0,20.8675,-0.6,0.8,0.0904
0,104,10400.0,-6.5174,8.9151,-133.4,1,-6.0,-12.0,20.9215,-0.6,0.8,0.0904
0,105,10500.0,-6.4536,8.9793,-126.5,1,-6.0,-12.0,20.9842,-0.6,0.8,0.0904
0,106,10600.0,-6.398,9.0506,-119.6,1,-6.0,-12.0,21.0543,-0.6,0.8,0.0904
0,107,10700.0,-6.3514,9.128,-112.7,1,-6.0,-12.0,21.131,-0.6,0.8,0.0904
0,108,10800.0,-6.3145,9.2106,-105.8,1,-6.0,-12.0,21.2129,-0.6,0.8,0.0904
0,109,10900.0,-6.2878,9.2969,-98.9,1,-6.0,-12.0,21.2989,-0.6,0.8,0.0904
0,110,11000.0,-6.2716,9.3859,-92.0,1,-6.0,-12.0,21.3876,-0.6,0.8,0.0904
0,111,11100.0,-6.2662,9.4761,-85.1,1,-6.0,-12.0,21.4778,0.997,-0.147,0.0904
0,112,11200.0,-6.2538,9.5116,-86.2,1,-6.0,-12.0,21.5131,0.999,-0.107,0.0376
0,113,11300.0,-6.2435,9.4391,-87.2,1,-6.0,-12.0,21.4405,0.999,-0.076,0.0733
0,114,11400.0,-6.2356,9.2933,-87.8,1,-6.0,-12.0,21.2946,1.0,-0.047,0.1461
0,115,11500.0,-6.2296,9.1428,-88.2,1,-6.0,-12.0,21.1441,0.998,0.123,0.1505
0,116,11600.0,-6.225,8.9925,-87.2,1,-6.0,-12.0,20.9937,0.981,0.389,0.1504
0,117,11700.0,-6.2186,8.8444,-83.9,1,-6.0,-12.0,20.8455,0.933,0.738,0.1483
0,118,11800.0,-6.2228,8.7399,-77.9,1,-6.0,-12.0,20.7411,0.0,1.0,0.1046
0,119,11900.0,-6.2376,8.7382,-69.4,1,-6.0,-12.0,20.7396,0.839,1.0,0.0149
0,120,12000.0,-6.2416,8.7337,-62.2,1,-6.0,-12.0,20.7351,0.884,0.973,0.006
0,121,12100.0,-6.2416,8.7337,-62.2,1,-6.0,-12.0,20.7351,0.884,0.973,0.0
0,122,12200.0,-6.2415,8.7338,-62.2,1,-6.0,-12.0,20.7352,0.884,0.972,0.0001
0,123,12300.0,-6.2413,8.7339,-62.2,1,-6.0,-12.0,20.7353,0.885,0.97,0.0003
0,124,12400.0,-6.2414,8.7338,-62.2,1,-6.0,-12.0,20.7352,0.884,0.972,0.0002
0,125,12500.0,-6.2416,8.7337,-62.2,1,-6.0,-12.0,20.7351,0.884,0.973,0.0002
0,126,12600.0,-6.2414,8.7338,-62.2,1,-6.0,-12.0,20.7352,-0.6,0.8,0.0002
0,127,12700.0,-6.2416,8.7338,-62.2,1,-6.0,-12.0,20.7352,-0.6,0.8,0.0001
0,128,12800.0,-6.2416,8.7337,-62.2,1,-6.0,-12.0,20.7352,-0.6,0.8,0.0
0,129,12900.0,-6.2416,8.7337,-62.2,1,-6.0,-12.0,20.7352,-0.6,0.8,0.0
0,130,13000.0,-6.2416,8.7337,-62.2,1,-6.0,-12.0,20.7352,-0.6,0.8,0.0
0,131,13100.0,-6.2416,8.7337,-62.2,1,-6.0,-12.0,20.7352,-0.6,0.8,0.0
0,132,13200.0,-6.2416,8.7337,-62.2,1,-6.0,-12.0,20.7352,-0.6,0.8,0.0
0,133,13300.0,-6.2416,8.7337,-62.2,1,-6.0,-12.0,20.7352,-0.6,0.8,0.0
0,134,13400.0,-6.2416,8.7337,-62.2,1,-6.0,-12.0,20.7352,-0.6,0.8,0.0
0,135,13500.0,-6.2416,8.7337,-62.2,1,-6.0,-12.0,20.7352,-0.6,0.8,0.0
0,136,13600.0,-6.2416,8.7337,-62.2,1,-6.0,-12.0,20.7352,-0.6,0.8,0.0
0,137,13700.0,-6.2416,8.7337,-62.2,1,-6.0,-12.0,20.7352,-0.6,0.8,0.0
0,138,13800.0,-6.2416,8.7337,-62.2,1,-6.0,-12.0,20.7352,0.884,0.973,0.0
0,139,13900.0,-6.2415,8.7338,-62.2,1,-6.0,-12.0,20.7352,0.884,0.972,0.0001
0,140,14000.0,-6.2415,8.7338,-62.2,1,-6.0,-12.0,20.7352,0.884,0.972,0.0
0,141,14100.0,-6.2415,8.7338,-62.2,1,-6.0,-12.0,20.7352,0.884,0.972,0.0
0,142,14200.0,-6.2415,8.7338,-62.2,1,-6.0,-12.0,20.7352,0.884,0.972,0.0
0,143,14300.0,-6.2415,8.7338,-62.2,1,-6.0,-12.0,20.7352,0.884,0.972,0.0
0,144,14400.0,-6.2415,8.7338,-62.2,1,-6.0,-12.0,20.7352,-0.6,0.8,0.0
0,145,14500.0,-6.2416,8.7337,-62.2,1,-6.0,-12.0,20.7352,-0.6,0.8,0.0001
0,146,14600.0,-6.2416,8.7337,-62.2,1,-6.0,-12.0,20.7352,-0.6,0.8,0.0
0,147,14700.0,-6.2416,8.7337,-62.2,1,-6.0,-12.0,20.7352,-0.6,0.8,0.0
0,148,14800.0,-6.2416,8.7338,-62.2,1,-6.0,-12.0,20.7352,-0.6,0.8,0.0
0,149,14900.0,-6.2416,8.7337,-62.2,1,-6.0,-12.0,20.7352,-0.6,0.8,0.0
0,150,15000.0,-6.2416,8.7337,-62.2,1,-6.0,-12.0,20.7352,-0.6,0.8,0.0
0,151,15100.0,-6.2416,8.7338,-62.2,1,-6.0,-12.0,20.7352,-0.6,0.8,0.0
0,152,15200.0,-6.2416,8.7337,-62.2,1,-6.0,-12.0,20.7352,-0.6,0.8,0.0
0,153,15300.0,-6.2416,8.7337,-62.2,1,-6.0,-12.0,20.7352,-0.6,0.8,0.0
0,154,15400.0,-6.2416,8.7337,-62.2,1,-6.0,-12.0,20.7352,-0.6,0.8,0.0
0,155,15500.0,-6.2416,8.7337,-62.2,1,-6.0,-12.0,20.7352,-0.6,0.8,0.0
0,156,15600.0,-6.2416,8.7337,-62.2,1,-6.0,-12.0,20.7352,0.884,0.973,0.0
0,157,15700.0,-6.2415,8.7338,-62.2,1,-6.0,-12.0,20.7352,0.884,0.972,0.0001
0,158,15800.0,-6.2415,8.7338,-62.2,1,-6.0,-12.0,20.7352,0.884,0.972,0.0
0,159,15900.0,-6.2415,8.7338,-62.2,1,-6.0,-12.0,20.7352,0.884,0.972,0.0
0,160,16000.0,-6.2415,8.7338,-62.2,1,-6.0,-12.0,20.7352,0.884,0.972,0.0
0,161,16100.0,-6.2415,8.7338,-62.2,1,-6.0,-12.0,20.7352,0.884,0.972,0.0
0,162,16200.0,-6.2415,8.7338,-62.2,1,-6.0,-12.0,20.7352,-0.6,0.8,0.0
0,163,16300.0,-6.2416,8.7337,-62.2,1,-6.0,-12.0,20.7352,-0.6,0.8,0.0001
0,164,16400.0,-6.2416,8.7337,-62.2,1,-6.0,-12.0,20.7352,-0.6,0.8,0.0
0,165,16500.0,-6.2416,8.7337,-62.2,1,-6.0,-12.0,20.7352,-0.6,0.8,0.0
0,166,16600.0,-6.2416,8.7337,-62.2,1,-6.0,-12.0,20.7352,-0.6,0.8,0.0
0,167,16700.0,-6.2416,8.7337,-62.2,1,-6.0,-12.0,20.7352,-0.6,0.8,0.0
0,168,16800.0,-6.2416,8.7337,-62.2,1,-6.0,-12.0,20.7352,-0.6,0.8,0.0
0,169,16900.0,-6.2416,8.7337,-62.2,1,-6.0,-12.0,20.7352,-0.6,0.8,0.0
0,170,17000.0,-6.2416,8.7337,-62.2,1,-6.0,-12.0,20.7352,-0.6,0.8,0.0
0,171,17100.0,-6.2416,8.7337,-62.2,1,-6.0,-12.0,20.7352,-0.6,0.8,0.0
0,172,17200.0,-6.2416,8.7337,-62.2,1,-6.0,-12.0,20.7352,-0.6,0.8,0.0
0,173,17300.0,-6.2416,8.7337,-62.2,1,-6.0,-12.0,20.7352,-0.6,0.8,0.0
0,174,17400.0,-6.2416,8.7337,-62.2,1,-6.0,-12.0,20.7352,0.884,0.973,0.0
0,175,17500.0,-6.2415,8.7338,-62.2,1,-6.0,-12.0,20.7352,0.884,0.972,0.0001
0,176,17600.0,-6.2415,8.7338,-62.2,1,-6.0,-12.0,20.7352,0.884,0.972,0.0
0,177,17700.0,-6.2415,8.7338,-62.2,1,-6.0,-12.0,20.7352,0.884,0.972,0.0
0,178,17800.0,-6.2415,8.7338,-62.2,1,-6.0,-12.0,20.7352,0.884,0.972,0.0
0,179,17900.0,-6.2415,8.7338,-62.2,1,-6.0,-12.0,20.7352,0.884,0.972,0.0
0,180,18000.0,-6.2415,8.7338,-62.2,1,-6.0,-12.0,20.7352,-0.6,0.8,0.0
0,181,18100.0,-6.2416,8.7337,-62.2,1,-6.0,-12.0,20.7352,-0.6,0.8,0.0001
0,182,18200.0,-6.2416,8.7337,-62.2,1,-6.0,-12.0,20.7352,-0.6,0.8,0.0
0,183,18300.0,-6.2416,8.7337,-62.2,1,-6.0,-12.0,20.7352,-0.6,0.8,0.0
0,184,18400.0,-6.2416,8.7337,-62.2,1,-6.0,-12.0,20.7352,-0.6,0.8,0.0
0,185,18500.0,-6.2416,8.7337,-62.2,1,-6.0,-12.0,20.7352,-0.6,0.8,0.0
0,186,18600.0,-6.2416,8.7337,-62.2,1,-6.0,-12.0,20.7352,-0.6,0.8,0.0
0,187,18700.0,-6.2416,8.7337,-62.2,1,-6.0,-12.0,20.7352,-0.6,0.8,0.0
0,188,18800.0,-6.2416,8.7337,-62.2,1,-6.0,-12.0,20.7352,-0.6,0.8,0.0
0,189,18900.0,-6.2416,8.7337,-62.2,1,-6.0,-12.0,20.7352,-0.6,0.8,0.0
0,190,19000.0,-6.2416,8.7337,-62.2,1,-6.0,-12.0,20.7352,-0.6,0.8,0.0
0,191,19100.0,-6.2416,8.7337,-62.2,1,-6.0,-12.0,20.7352,-0.6,0.8,0.0
0,192,19200.0,-6.2416,8.7337,-62.2,1,-6.0,-12.0,20.7352,0.884,0.973,0.0
0,193,19300.0,-6.2415,8.7338,-62.2,1,-6.0,-12.0,20.7352,0.884,0.972,0.0001
0,194,19400.0,-6.2415,8.7338,-62.2,1,-6.0,-12.0,20.7352,0.884,0.972,0.0
0,195,19500.0,-6.2415,8.7338,-62.2,1,-6.0,-12.0,20.7352,0.884,0.972,0.0
0,196,19600.0,-6.2415,8.7338,-62.2,1,-6.0,-12.0,20.7352,0.884,0.972,0.0
0,197,19700.0,-6.2415,8.7338,-62.2,1,-6.0,-12.0,20.7352,0.884,0.972,0.0
0,198,19800.0,-6.2415,8.7338,-62.2,1,-6.0,-12.0,20.7352,-0.6,0.8,0.0
0,199,19900.0,-6.2416,8.7337,-62.2,1,-6.0,-12.0,20.7352,-0.6,0.8,0.0001
0,200,20000.0,-6.2416,8.7337,-62.2,1,-6.0,-12.0,20.7352,-0.6,0.8,0.0
0,201,20100.0,-6.2416,8.7337,-62.2,1,-6.0,-12.0,20.7352,-0.6,0.8,0.0
0,202,20200.0,-6.2416,8.7337,-62.2,1,-6.0,-12.0,20.7352,-0.6,0.8,0.0
0,203,20300.0,-6.2416,8.7337,-62.2,1,-6.0,-12.0,20.7352,-0.6,0.8,0.0
0,204,20400.0,-6.2416,8.7337,-62.2,1,-6.0,-12.0,20.7352,-0.6,0.8,0.0
0,205,20500.0,-6.2416,8.7337,-62.2,1,-6.0,-12.0,20.7352,-0.6,0.8,0.0
0,206,20600.0,-6.2416,8.7337,-62.2,1,-6.0,-12.0,20.7352,-0.6,0.8,0.0
0,207,20700.0,-6.2416,8.7337,-62.2,1,-6.0,-12.0,20.7352,-0.6,0.8,0.0
0,208,20800.0,-6.2416,8.7337,-62.2,1,-6.0,-12.0,20.7352,-0.6,0.8,0.0
0,209,20900.0,-6.2416,8.7337,-62.2,1,-6.0,-12.0,20.7352,-0.6,0.8,0.0
0,210,21000.0,-6.2416,8.7337,-62.2,1,-6.0,-12.0,20.7352,0.884,0.973,0.0
0,211,21100.0,-6.2415,8.7338,-62.2,1,-6.0,-12.0,20.7352,0.884,0.972,0.0001
0,212,21200.0,-6.2415,8.7338,-62.2,1,-6.0,-12.0,20.7352,0.884,0.972,0.0
0,213,21300.0,-6.2415,8.7338,-62.2,1,-6.0,-12.0,20.7352,0.884,0.972,0.0
0,214,21400.0,-6.2415,8.7338,-62.2,1,-6.0,-12.0,20.7352,0.884,0.972,0.0
0,215,21500.0,-6.2415,8.7338,-62.2,1,-6.0,-12.0,20.7352,0.884,0.972,0.0
0,216,21600.0,-6.2415,8.7338,-62.2,1,-6.0,-12.0,20.7352,-0.6,0.8,0.0
0,217,21700.0,-6.2416,8.7337,-62.2,1,-6.0,-12.0,20.7352,-0.6,0.8,0.0001
0,218,21800.0,-6.2416,8.7337,-62.2,1,-6.0,-12.0,20.7352,-0.6,0.8,0.0
0,219,21900.0,-6.2416,8.7337,-62.2,1,-6.0,-12.0,20.7352,-0.6,0.8,0.0
0,220,22000.0,-6.2416,8.7337,-62.2,1,-6.0,-12.0,20.7352,-0.6,0.8,0.0
0,221,22100.0,-6.2416,8.7337,-62.2,1,-6.0,-12.0,20.7352,-0.6,0.8,0.0
0,222,22200.0,-6.2416,8.7337,-62.2,1,-6.0,-12.0,20.7352,-0.6,0.8,0.0
0,223,22300.0,-6.2416,8.7337,-62.2,1,-6.0,-12.0,20.7352,-0.6,0.8,0.0
0,224,22400.0,-6.2416,8.7337,-62.2,1,-6.0,-12.0,20.7352,-0.6,0.8,0.0
0,225,22500.0,-6.2416,8.7337,-62.2,1,-6.0,-12.0,20.7352,-0.6,0.8,0.0
0,226,22600.0,-6.2416,8.7337,-62.2,1,-6.0,-12.0,20.7352,-0.6,0.8,0.0
0,227,22700.0,-6.2416,8.7337,-62.2,1,-6.0,-12.0,20.7352,-0.6,0.8,0.0
0,228,22800.0,-6.2416,8.7337,-62.2,1,-6.0,-12.0,20.7352,0.884,0.973,0.0
0,229,22900.0,-6.2415,8.7338,-62.2,1,-6.0,-12.0,20.7352,0.884,0.972,0.0001
0,230,23000.0,-6.2415,8.7338,-62.2,1,-6.0,-12.0,20.7352,0.884,0.972,0.0
0,231,23100.0,-6.2415,8.7338,-62.2,1,-6.0,-12.0,20.7352,0.884,0.972,0.0
0,232,23200.0,-6.2415,8.7338,-62.2,1,-6.0,-12.0,20.7352,0.884,0.972,0.0
0,233,23300.0,-6.2415,8.7338,-62.2,1,-6.0,-12.0,20.7352,0.884,0.972,0.0
0,234,23400.0,-6.2415,8.7338,-62.2,1,-6.0,-12.0,20.7352,-0.6,0.8,0.0
0,235,23500.0,-6.2416,8.7337,-62.2,1,-6.0,-12.0,20.7352,-0.6,0.8,0.0001
0,236,23600.0,-6.2416,8.7337,-62.2,1,-6.0,-12.0,20.7352,-0.6,0.8,0.0
0,237,23700.0,-6.2416,8.7337,-62.2,1,-6.0,-12.0,20.7352,-0.6,0.8,0.0
0,238,23800.0,-6.2416,8.7337,-62.2,1,-6.0,-12.0,20.7352,-0.6,0.8,0.0
0,239,23900.0,-6.2416,8.7337,-62.2,1,-6.0,-12.0,20.7352,-0.6,0.8,0.0
0,240,24000.0,-6.2416,8.7337,-62.2,1,-6.0,-12.0,20.7352,-0.6,0.8,0.0
0,241,24100.0,-6.2416,8.7337,-62.2,1,-6.0,-12.0,20.7352,-0.6,0.8,0.0
0,242,24200.0,-6.2416,8.7337,-62.2,1,-6.0,-12.0,20.7352,-0.6,0.8,0.0
0,243,24300.0,-6.2416,8.7337,-62.2,1,-6.0,-12.0,20.7352,-0.6,0.8,0.0
0,244,24400.0,-6.2416,8.7337,-62.2,1,-6.0,-12.0,20.7352,-0.6,0.8,0.0
0,245,24500.0,-6.2416,8.7337,-62.2,1,-6.0,-12.0,20.7352,-0.6,0.8,0.0
0,246,24600.0,-6.2416,8.7337,-62.2,1,-6.0,-12.0,20.7352,0.884,0.973,0.0
0,247,24700.0,-6.2415,8.7338,-62.2,1,-6.0,-12.0,20.7352,0.884,0.972,0.0001
0,248,24800.0,-6.2415,8.7338,-62.2,1,-6.0,-12.0,20.7352,0.884,0.972,0.0
0,249,24900.0,-6.2415,8.7338,-62.2,1,-6.0,-12.0,20.7352,0.884,0.972,0.0
0,250,25000.0,-6.2415,8.7338,-62.2,1,-6.0,-12.0,20.7352,0.884,0.972,0.0
0,251,25100.0,-6.2415,8.7338,-62.2,1,-6.0,-12.0,20.7352,0.884,0.972,0.0
0,252,25200.0,-6.2415,8.7338,-62.2,1,-6.0,-12.0,20.7352,-0.6,0.8,0.0
0,253,25300.0,-6.2416,8.7337,-62.2,1,-6.0,-12.0,20.7352,-0.6,0.8,0.0001
0,254,25400.0,-6.2416,8.7337,-62.2,1,-6.0,-12.0,20.7352,-0.6,0.8,0.0
0,255,25500.0,-6.2416,8.7338,-62.2,1,-6.0,-12.0,20.7352,-0.6,0.8,0.0
0,256,25600.0,-6.2416,8.7337,-62.2,1,-6.0,-12.0,20.7352,-0.6,0.8,0.0
0,257,25700.0,-6.2416,8.7337,-62.2,1,-6.0,-12.0,20.7352,-0.6,0.8,0.0
0,258,25800.0,-6.2416,8.7337,-62.2,1,-6.0,-12.0,20.7352,-0.6,0.8,0.0
0,259,25900.0,-6.2416,8.7337,-62.2,1,-6.0,-12.0,20.7352,-0.6,0.8,0.0
0,260,26000.0,-6.2416,8.7337,-62.2,1,-6.0,-12.0,20.7352,-0.6,0.8,0.0
0,261,26100.0,-6.2416,8.7337,-62.2,1,-6.0,-12.0,20.7352,-0.6,0.8,0.0
0,262,26200.0,-6.2416,8.7337,-62.2,1,-6.0,-12.0,20.7352,-0.6,0.8,0.0
0,263,26300.0,-6.2416,8.7337,-62.2,1,-6.0,-12.0,20.7352,-0.6,0.8,0.0
0,264,26400.0,-6.2416,8.7338,-62.2,1,-6.0,-12.0,20.7352,0.884,0.973,0.0
0,265,26500.0,-6.2415,8.7338,-62.2,1,-6.0,-12.0,20.7352,0.884,0.972,0.0001
0,266,26600.0,-6.2415,8.7338,-62.2,1,-6.0,-12.0,20.7352,0.884,0.972,0.0
0,267,26700.0,-6.2415,8.7338,-62.2,1,-6.0,-12.0,20.7352,0.884,0.972,0.0
0,268,26800.0,-6.2415,8.7338,-62.2,1,-6.0,-12.0,20.7352,0.884,0.972,0.0
0,269,26900.0,-6.2415,8.7338,-62.2,1,-6.0,-12.0,20.7352,0.884,0.972,0.0
0,270,27000.0,-6.2415,8.7338,-62.2,1,-6.0,-12.0,20.7352,-0.6,0.8,0.0
0,271,27100.0,-6.2416,8.7337,-62.2,1,-6.0,-12.0,20.7352,-0.6,0.8,0.0001
0,272,27200.0,-6.2416,8.7337,-62.2,1,-6.0,-12.0,20.7352,-0.6,0.8,0.0
0,273,27300.0,-6.2416,8.7337,-62.2,1,-6.0,-12.0,20.7352,-0.6,0.8,0.0
0,274,27400.0,-6.2416,8.7337,-62.2,1,-6.0,-12.0,20.7352,-0.6,0.8,0.0
0,275,27500.0,-6.2416,8.7337,-62.2,1,-6.0,-12.0,20.7352,-0.6,0.8,0.0
0,276,27600.0,-6.2416,8.7337,-62.2,1,-6.0,-12.0,20.7352,-0.6,0.8,0.0
0,277,27700.0,-6.2416,8.7337,-62.2,1,-6.0,-12.0,20.7352,-0.6,0.8,0.0
0,278,27800.0,-6.2416,8.7337,-62.2,1,-6.0,-12.0,20.7352,-0.6,0.8,0.0
0,279,27900.0,-6.2416,8.7337,-62.2,1,-6.0,-12.0,20.7352,-0.6,0.8,0.0
0,280,28000.0,-6.2416,8.7337,-62.2,1,-6.0,-12.0,20.7352,-0.6,0.8,0.0
0,281,28100.0,-6.2416,8.7337,-62.2,1,-6.0,-12.0,20.7352,-0.6,0.8,0.0
0,282,28200.0,-6.2416,8.7337,-62.2,1,-6.0,-12.0,20.7352,0.884,0.973,0.0
0,283,28300.0,-6.2415,8.7338,-62.2,1,-6.0,-12.0,20.7352,0.884,0.972,0.0001
0,284,28400.0,-6.2415,8.7338,-62.2,1,-6.0,-12.0,20.7352,0.884,0.972,0.0
0,285,28500.0,-6.2415,8.7338,-62.2,1,-6.0,-12.0,20.7352,0.884,0.972,0.0
0,286,28600.0,-6.2415,8.7338,-62.2,1,-6.0,-12.0,20.7352,0.884,0.972,0.0
0,287,28700.0,-6.2415,8.7338,-62.2,1,-6.0,-12.0,20.7352,0.884,0.972,0.0
0,288,28800.0,-6.2415,8.7338,-62.2,1,-6.0,-12.0,20.7352,-0.6,0.8,0.0
0,289,28900.0,-6.2416,8.7337,-62.2,1,-6.0,-12.0,20.7352,-0.6,0.8,0.0001
0,290,29000.0,-6.2416,8.7337,-62.2,1,-6.0,-12.0,20.7352,-0.6,0.8,0.0
0,291,29100.0,-6.2416,8.7337,-62.2,1,-6.0,-12.0,20.7352,-0.6,0.8,0.0
0,292,29200.0,-6.2416,8.7337,-62.2,1,-6.0,-12.0,20.7352,-0.6,0.8,0.0
0,293,29300.0,-6.2416,8.7337,-62.2,1,-6.0,-12.0,20.7352,-0.6,0.8,0.0
0,294,29400.0,-6.2416,8.7337,-62.2,1,-6.0,-12.0,20.7352,-0.6,0.8,0.0
0,295,29500.0,-6.2416,8.7337,-62.2,1,-6.0,-12.0,20.7352,-0.6,0.8,0.0
0,296,29600.0,-6.2416,8.7337,-62.2,1,-6.0,-12.0,20.7352,-0.6,0.8,0.0
0,297,29700.0,-6.2416,8.7337,-62.2,1,-6.0,-12.0,20.7352,-0.6,0.8,0.0
0,298,29800.0,-6.2416,8.7337,-62.2,1,-6.0,-12.0,20.7352,-0.6,0.8,0.0
0,299,29900.0,-6.2416,8.7337,-62.2,1,-6.0,-12.0,20.7352,-0.6,0.8,0.0
0,300,30000.0,-6.2416,8.7337,-62.2,1,-6.0,-12.0,20.7352,0.884,0.973,0.0
0,301,30100.0,-6.2415,8.7338,-62.2,1,-6.0,-12.0,20.7352,0.884,0.972,0.0001
0,302,30200.0,-6.2415,8.7338,-62.2,1,-6.0,-12.0,20.7352,0.884,0.972,0.0
0,303,30300.0,-6.2415,8.7338,-62.2,1,-6.0,-12.0,20.7352,0.884,0.972,0.0
0,304,30400.0,-6.2415,8.7338,-62.2,1,-6.0,-12.0,20.7352,0.884,0.972,0.0
0,305,30500.0,-6.2415,8.7338,-62.2,1,-6.0,-12.0,20.7352,0.884,0.972,0.0
0,306,30600.0,-6.2415,8.7338,-62.2,1,-6.0,-12.0,20.7352,-0.6,0.8,0.0
0,307,30700.0,-6.2416,8.7337,-62.2,1,-6.0,-12.0,20.7352,-0.6,0.8,0.0001
0,308,30800.0,-6.2416,8.7337,-62.2,1,-6.0,-12.0,20.7352,-0.6,0.8,0.0
0,309,30900.0,-6.2416,8.7337,-62.2,1,-6.0,-12.0,20.7352,-0.6,0.8,0.0
0,310,31000.0,-6.2416,8.7337,-62.2,1,-6.0,-12.0,20.7352,-0.6,0.8,0.0
0,311,31100.0,-6.2416,8.7337,-62.2,1,-6.0,-12.0,20.7352,-0.6,0.8,0.0
0,312,31200.0,-6.2416,8.7337,-62.2,1,-6.0,-12.0,20.7352,-0.6,0.8,0.0
0,313,31300.0,-6.2416,8.7337,-62.2,1,-6.0,-12.0,20.7352,-0.6,0.8,0.0
0,314,31400.0,-6.2416,8.7337,-62.2,1,-6.0,-12.0,20.7352,-0.6,0.8,0.0
0,315,31500.0,-6.2416,8.7337,-62.2,1,-6.0,-12.0,20.7352,-0.6,0.8,0.0
0,316,31600.0,-6.2416,8.7337,-62.2,1,-6.0,-12.0,20.7352,-0.6,0.8,0.0
0,317,31700.0,-6.2416,8.7337,-62.2,1,-6.0,-12.0,20.7352,-0.6,0.8,0.0
0,318,31800.0,-6.2416,8.7337,-62.2,1,-6.0,-12.0,20.7352,0.884,0.973,0.0
0,319,31900.0,-6.2415,8.7338,-62.2,1,-6.0,-12.0,20.7352,0.884,0.972,0.0001
0,320,32000.0,-6.2415,8.7338,-62.2,1,-6.0,-12.0,20.7352,0.884,0.972,0.0
0,321,32100.0,-6.2415,8.7338,-62.2,1,-6.0,-12.0,20.7352,0.884,0.972,0.0
0,322,32200.0,-6.2415,8.7338,-62.2,1,-6.0,-12.0,20.7352,0.884,0.972,0.0
0,323,32300.0,-6.2415,8.7338,-62.2,1,-6.0,-12.0,20.7352,0.884,0.972,0.0
0,324,32400.0,-6.2415,8.7338,-62.2,1,-6.0,-12.0,20.7352,-0.6,0.8,0.0
0,325,32500.0,-6.2416,8.7337,-62.2,1,-6.0,-12.0,20.7352,-0.6,0.8,0.0001
0,326,32600.0,-6.2416,8.7337,-62.2,1,-6.0,-12.0,20.7352,-0.6,0.8,0.0
0,327,32700.0,-6.2416,8.7337,-62.2,1,-6.0,-12.0,20.7352,-0.6,0.8,0.0
0,328,32800.0,-6.2416,8.7338,-62.2,1,-6.0,-12.0,20.7352,-0.6,0.8,0.0
0,329,32900.0,-6.2416,8.7337,-62.2,1,-6.0,-12.0,20.7352,-0.6,0.8,0.0
0,330,33000.0,-6.2416,8.7337,-62.2,1,-6.0,-12.0,20.7352,-0.6,0.8,0.0
0,331,33100.0,-6.2416,8.7337,-62.2,1,-6.0,-12.0,20.7352,-0.6,0.8,0.0
0,332,33200.0,-6.2416,8.7337,-62.2,1,-6.0,-12.0,20.7352,-0.6,0.8,0.0
0,333,33300.0,-6.2416,8.7337,-62.2,1,-6.0,-12.0,20.7352,-0.6,0.8,0.0
0,334,33400.0,-6.2416,8.7337,-62.2,1,-6.0,-12.0,20.7352,-0.6,0.8,0.0
0,335,33500.0,-6.2416,8.7337,-62.2,1,-6.0,-12.0,20.7352,-0.6,0.8,0.0
0,336,33600.0,-6.2416,8.7337,-62.2,1,-6.0,-12.0,20.7352,0.884,0.973,0.0
0,337,33700.0,-6.2415,8.7338,-62.2,1,-6.0,-12.0,20.7352,0.884,0.972,0.0001
0,338,33800.0,-6.2415,8.7338,-62.2,1,-6.0,-12.0,20.7352,0.884,0.972,0.0
0,339,33900.0,-6.2415,8.7338,-62.2,1,-6.0,-12.0,20.7352,0.884,0.972,0.0
0,340,34000.0,-6.2415,8.7338,-62.2,1,-6.0,-12.0,20.7352,0.884,0.972,0.0
0,341,34100.0,-6.2415,8.7338,-62.2,1,-6.0,-12.0,20.7352,0.884,0.972,0.0
0,342,34200.0,-6.2415,8.7338,-62.2,1,-6.0,-12.0,20.7352,-0.6,0.8,0.0
0,343,34300.0,-6.2416,8.7337,-62.2,1,-6.0,-12.0,20.7352,-0.6,0.8,0.0001
0,344,34400.0,-6.2416,8.7337,-62.2,1,-6.0,-12.0,20.7352,-0.6,0.8,0.0
0,345,34500.0,-6.2416,8.7337,-62.2,1,-6.0,-12.0,20.7352,-0.6,0.8,0.0
0,346,34600.0,-6.2416,8.7337,-62.2,1,-6.0,-12.0,20.7352,-0.6,0.8,0.0
0,347,34700.0,-6.2416,8.7337,-62.2,1,-6.0,-12.0,20.7352,-0.6,0.8,0.0
0,348,34800.0,-6.2416,8.7337,-62.2,1,-6.0,-12.0,20.7352,-0.6,0.8,0.0
0,349,34900.0,-6.2416,8.7337,-62.2,1,-6.0,-12.0,20.7352,-0.6,0.8,0.0
0,350,35000.0,-6.2416,8.7337,-62.2,1,-6.0,-12.0,20.7352,-0.6,0.8,0.0
0,351,35100.0,-6.2416,8.7337,-62.2,1,-6.0,-12.0,20.7352,-0.6,0.8,0.0
0,352,35200.0,-6.2416,8.7338,-62.2,1,-6.0,-12.0,20.7352,-0.6,0.8,0.0
0,353,35300.0,-6.2416,8.7337,-62.2,1,-6.0,-12.0,20.7352,-0.6,0.8,0.0
0,354,35400.0,-6.2416,8.7337,-62.2,1,-6.0,-12.0,20.7352,0.884,0.973,0.0
0,355,35500.0,-6.2415,8.7338,-62.2,1,-6.0,-12.0,20.7352,0.884,0.972,0.0001
0,356,35600.0,-6.2415,8.7338,-62.2,1,-6.0,-12.0,20.7352,0.884,0.972,0.0
0,357,35700.0,-6.2415,8.7338,-62.2,1,-6.0,-12.0,20.7352,0.884,0.972,0.0
0,358,35800.0,-6.2415,8.7338,-62.2,1,-6.0,-12.0,20.7352,0.884,0.972,0.0
0,359,35900.0,-6.2415,8.7338,-62.2,1,-6.0,-12.0,20.7352,0.884,0.972,0.0
0,360,36000.0,-6.2415,8.7338,-62.2,1,-6.0,-12.0,20.7352,-0.6,0.8,0.0
0,361,36100.0,-6.2416,8.7337,-62.2,1,-6.0,-12.0,20.7352,-0.6,0.8,0.0001
0,362,36200.0,-6.2416,8.7337,-62.2,1,-6.0,-12.0,20.7352,-0.6,0.8,0.0
0,363,36300.0,-6.2416,8.7337,-62.2,1,-6.0,-12.0,20.7352,-0.6,0.8,0.0
0,364,36400.0,-6.2416,8.7337,-62.2,1,-6.0,-12.0,20.7352,-0.6,0.8,0.0
0,365,36500.0,-6.2416,8.7337,-62.2,1,-6.0,-12.0,20.7352,-0.6,0.8,0.0
0,366,36600.0,-6.2416,8.7337,-62.2,1,-6.0,-12.0,20.7352,-0.6,0.8,0.0
0,367,36700.0,-6.2416,8.7337,-62.2,1,-6.0,-12.0,20.7352,-0.6,0.8,0.0
0,368,36800.0,-6.2416,8.7337,-62.2,1,-6.0,-12.0,20.7352,-0.6,0.8,0.0
0,369,36900.0,-6.2416,8.7337,-62.2,1,-6.0,-12.0,20.7352,-0.6,0.8,0.0
0,370,37000.0,-6.2416,8.7337,-62.2,1,-6.0,-12.0,20.7352,-0.6,0.8,0.0
0,371,37100.0,-6.2416,8.7337,-62.2,1,-6.0,-12.0,20.7352,-0.6,0.8,0.0
0,372,37200.0,-6.2416,8.7337,-62.2,1,-6.0,-12.0,20.7352,0.884,0.973,0.0
0,373,37300.0,-6.2415,8.7338,-62.2,1,-6.0,-12.0,20.7352,0.884,0.972,0.0001
0,374,37400.0,-6.2415,8.7338,-62.2,1,-6.0,-12.0,20.7352,0.884,0.972,0.0
0,375,37500.0,-6.2415,8.7338,-62.2,1,-6.0,-12.0,20.7352,0.884,0.972,0.0
0,376,37600.0,-6.2415,8.7338,-62.2,1,-6.0,-12.0,20.7352,0.884,0.972,0.0
0,377,37700.0,-6.2415,8.7338,-62.2,1,-6.0,-12.0,20.7352,0.884,0.972,0.0
0,378,37800.0,-6.2415,8.7338,-62.2,1,-6.0,-12.0,20.7352,-0.6,0.8,0.0
0,379,37900.0,-6.2416,8.7337,-62.2,1,-6.0,-12.0,20.7352,-0.6,0.8,0.0001
0,380,38000.0,-6.2416,8.7337,-62.2,1,-6.0,-12.0,20.7352,-0.6,0.8,0.0
0,381,38100.0,-6.2416,8.7337,-62.2,1,-6.0,-12.0,20.7352,-0.6,0.8,0.0
0,382,38200.0,-6.2416,8.7337,-62.2,1,-6.0,-12.0,20.7352,-0.6,0.8,0.0
0,383,38300.0,-6.2416,8.7337,-62.2,1,-6.0,-12.0,20.7352,-0.6,0.8,0.0
0,384,38400.0,-6.2416,8.7337,-62.2,1,-6.0,-12.0,20.7352,-0.6,0.8,0.0
0,385,38500.0,-6.2416,8.7337,-62.2,1,-6.0,-12.0,20.7352,-0.6,0.8,0.0
0,386,38600.0,-6.2416,8.7337,-62.2,1,-6.0,-12.0,20.7352,-0.6,0.8,0.0
0,387,38700.0,-6.2416,8.7337,-62.2,1,-6.0,-12.0,20.7352,-0.6,0.8,0.0
0,388,38800.0,-6.2416,8.7337,-62.2,1,-6.0,-12.0,20.7352,-0.6,0.8,0.0
0,389,38900.0,-6.2416,8.7337,-62.2,1,-6.0,-12.0,20.7352,-0.6,0.8,0.0
0,390,39000.0,-6.2416,8.7337,-62.2,1,-6.0,-12.0,20.7352,0.884,0.973,0.0
0,391,39100.0,-6.2415,8.7338,-62.2,1,-6.0,-12.0,20.7352,0.884,0.972,0.0001
0,392,39200.0,-6.2415,8.7338,-62.2,1,-6.0,-12.0,20.7352,0.884,0.972,0.0
0,393,39300.0,-6.2415,8.7338,-62.2,1,-6.0,-12.0,20.7352,0.884,0.972,0.0
0,394,39400.0,-6.2415,8.7338,-62.2,1,-6.0,-12.0,20.7352,0.884,0.972,0.0
0,395,39500.0,-6.2415,8.7338,-62.2,1,-6.0,-12.0,20.7352,0.884,0.972,0.0
0,396,39600.0,-6.2415,8.7338,-62.2,1,-6.0,-12.0,20.7352,-0.6,0.8,0.0
0,397,39700.0,-6.2416,8.7337,-62.2,1,-6.0,-12.0,20.7352,-0.6,0.8,0.0001
0,398,39800.0,-6.2416,8.7337,-62.2,1,-6.0,-12.0,20.7352,-0.6,0.8,0.0
0,399,39900.0,-6.2416,8.7337,-62.2,1,-6.0,-12.0,20.7352,-0.6,0.8,0.0
0,400,40000.0,-6.2416,8.7337,-62.2,1,-6.0,-12.0,20.7352,-0.6,0.8,0.0
0,401,40100.0,-6.2416,8.7337,-62.2,1,-6.0,-12.0,20.7352,-0.6,0.8,0.0
0,402,40200.0,-6.2416,8.7337,-62.2,1,-6.0,-12.0,20.7352,-0.6,0.8,0.0
0,403,40300.0,-6.2416,8.7337,-62.2,1,-6.0,-12.0,20.7352,-0.6,0.8,0.0
0,404,40400.0,-6.2416,8.7337,-62.2,1,-6.0,-12.0,20.7352,-0.6,0.8,0.0
0,405,40500.0,-6.2416,8.7337,-62.2,1,-6.0,-12.0,20.7352,-0.6,0.8,0.0
0,406,40600.0,-6.2416,8.7337,-62.2,1,-6.0,-12.0,20.7352,-0.6,0.8,0.0
0,407,40700.0,-6.2416,8.7337,-62.2,1,-6.0,-12.0,20.7352,-0.6,0.8,0.0
0,408,40800.0,-6.2416,8.7337,-62.2,1,-6.0,-12.0,20.7352,0.884,0.973,0.0
0,409,40900.0,-6.2415,8.7338,-62.2,1,-6.0,-12.0,20.7352,0.884,0.972,0.0001
0,410,41000.0,-6.2415,8.7338,-62.2,1,-6.0,-12.0,20.7352,0.884,0.972,0.0
0,411,41100.0,-6.2415,8.7338,-62.2,1,-6.0,-12.0,20.7352,0.884,0.972,0.0
0,412,41200.0,-6.2415,8.7338,-62.2,1,-6.0,-12.0,20.7352,0.884,0.972,0.0
0,413,41300.0,-6.2415,8.7338,-62.2,1,-6.0,-12.0,20.7352,0.884,0.972,0.0
0,414,41400.0,-6.2415,8.7338,-62.2,1,-6.0,-12.0,20.7352,-0.6,0.8,0.0
0,415,41500.0,-6.2416,8.7337,-62.2,1,-6.0,-12.0,20.7352,-0.6,0.8,0.0001
0,416,41600.0,-6.2416,8.7337,-62.2,1,-6.0,-12.0,20.7352,-0.6,0.8,0.0
0,417,41700.0,-6.2416,8.7337,-62.2,1,-6.0,-12.0,20.7352,-0.6,0.8,0.0
0,418,41800.0,-6.2416,8.7337,-62.2,1,-6.0,-12.0,20.7352,-0.6,0.8,0.0
0,419,41900.0,-6.2416,8.7337,-62.2,1,-6.0,-12.0,20.7352,-0.6,0.8,0.0
0,420,42000.0,-6.2416,8.7337,-62.2,1,-6.0,-12.0,20.7352,-0.6,0.8,0.0
0,421,42100.0,-6.2416,8.7337,-62.2,1,-6.0,-12.0,20.7352,-0.6,0.8,0.0
0,422,42200.0,-6.2416,8.7337,-62.2,1,-6.0,-12.0,20.7352,-0.6,0.8,0.0
0,423,42300.0,-6.2416,8.7337,-62.2,1,-6.0,-12.0,20.7352,-0.6,0.8,0.0
0,424,42400.0,-6.2416,8.7337,-62.2,1,-6.0,-12.0,20.7352,-0.6,0.8,0.0
0,425,42500.0,-6.2416,8.7337,-62.2,1,-6.0,-12.0,20.7352,-0.6,0.8,0.0
0,426,42600.0,-6.2416,8.7337,-62.2,1,-6.0,-12.0,20.7352,0.884,0.973,0.0
0,427,42700.0,-6.2415,8.7338,-62.2,1,-6.0,-12.0,20.7352,0.884,0.972,0.0001
0,428,42800.0,-6.2415,8.7338,-62.2,1,-6.0,-12.0,20.7352,0.884,0.972,0.0
0,429,42900.0,-6.2415,8.7338,-62.2,1,-6.0,-12.0,20.7352,0.884,0.972,0.0
0,430,43000.0,-6.2415,8.7338,-62.2,1,-6.0,-12.0,20.7352,0.884,0.972,0.0
0,431,43100.0,-6.2415,8.7338,-62.2,1,-6.0,-12.0,20.7352,0.884,0.972,0.0
0,432,43200.0,-6.2415,8.7338,-62.2,1,-6.0,-12.0,20.7352,-0.6,0.8,0.0
0,433,43300.0,-6.2416,8.7337,-62.2,1,-6.0,-12.0,20.7352,-0.6,0.8,0.0001
0,434,43400.0,-6.2416,8.7337,-62.2,1,-6.0,-12.0,20.7352,-0.6,0.8,0.0
0,435,43500.0,-6.2416,8.7337,-62.2,1,-6.0,-12.0,20.7352,-0.6,0.8,0.0
0,436,43600.0,-6.2416,8.7337,-62.2,1,-6.0,-12.0,20.7352,-0.6,0.8,0.0
0,437,43700.0,-6.2416,8.7337,-62.2,1,-6.0,-12.0,20.7352,-0.6,0.8,0.0
0,438,43800.0,-6.2416,8.7337,-62.2,1,-6.0,-12.0,20.7352,-0.6,0.8,0.0
0,439,43900.0,-6.2416,8.7337,-62.2,1,-6.0,-12.0,20.7352,-0.6,0.8,0.0
0,440,44000.0,-6.2416,8.7337,-62.2,1,-6.0,-12.0,20.7352,-0.6,0.8,0.0
0,441,44100.0,-6.2416,8.7337,-62.2,1,-6.0,-12.0,20.7352,-0.6,0.8,0.0
0,442,44200.0,-6.2416,8.7337,-62.2,1,-6.0,-12.0,20.7352,-0.6,0.8,0.0
0,443,44300.0,-6.2416,8.7337,-62.2,1,-6.0,-12.0,20.7352,-0.6,0.8,0.0
0,444,44400.0,-6.2416,8.7337,-62.2,1,-6.0,-12.0,20.7352,0.884,0.973,0.0
0,445,44500.0,-6.2415,8.7338,-62.2,1,-6.0,-12.0,20.7352,0.884,0.972,0.0001
0,446,44600.0,-6.2415,8.7338,-62.2,1,-6.0,-12.0,20.7352,0.884,0.972,0.0
0,447,44700.0,-6.2415,8.7338,-62.2,1,-6.0,-12.0,20.7352,0.884,0.972,0.0
0,448,44800.0,-6.2415,8.7338,-62.2,1,-6.0,-12.0,20.7352,0.884,0.972,0.0
0,449,44900.0,-6.2415,8.7338,-62.2,1,-6.0,-12.0,20.7352,0.884,0.972,0.0
0,450,45000.0,-6.2415,8.7338,-62.2,1,-6.0,-12.0,20.7352,-0.6,0.8,0.0
0,451,45100.0,-6.2416,8.7337,-62.2,1,-6.0,-12.0,20.7352,-0.6,0.8,0.0001
0,452,45200.0,-6.2416,8.7337,-62.2,1,-6.0,-12.0,20.7352,-0.6,0.8,0.0
0,453,45300.0,-6.2416,8.7337,-62.2,1,-6.0,-12.0,20.7352,-0.6,0.8,0.0
0,454,45400.0,-6.2416,8.7337,-62.2,1,-6.0,-12.0,20.7352,-0.6,0.8,0.0
0,455,45500.0,-6.2416,8.7337,-62.2,1,-6.0,-12.0,20.7352,-0.6,0.8,0.0
0,456,45600.0,-6.2416,8.7337,-62.2,1,-6.0,-12.0,20.7352,-0.6,0.8,0.0
0,457,45700.0,-6.2416,8.7337,-62.2,1,-6.0,-12.0,20.7352,-0.6,0.8,0.0
0,458,45800.0,-6.2416,8.7337,-62.2,1,-6.0,-12.0,20.7352,-0.6,0.8,0.0
0,459,45900.0,-6.2416,8.7338,-62.2,1,-6.0,-12.0,20.7352,-0.6,0.8,0.0
0,460,46000.0,-6.2416,8.7337,-62.2,1,-6.0,-12.0,20.7352,-0.6,0.8,0.0
0,461,46100.0,-6.2416,8.7337,-62.2,1,-6.0,-12.0,20.7352,-0.6,0.8,0.0
0,462,46200.0,-6.2416,8.7337,-62.2,1,-6.0,-12.0,20.7352,0.884,0.973,0.0
0,463,46300.0,-6.2415,8.7338,-62.2,1,-6.0,-12.0,20.7352,0.884,0.972,0.0001
0,464,46400.0,-6.2415,8.7338,-62.2,1,-6.0,-12.0,20.7352,0.884,0.972,0.0
0,465,46500.0,-6.2415,8.7338,-62.2,1,-6.0,-12.0,20.7352,0.884,0.972,0.0
0,466,46600.0,-6.2415,8.7338,-62.2,1,-6.0,-12.0,20.7352,0.884,0.972,0.0
0,467,46700.0,-6.2415,8.7338,-62.2,1,-6.0,-12.0,20.7352,0.884,0.972,0.0
0,468,46800.0,-6.2415,8.7338,-62.2,1,-6.0,-12.0,20.7352,-0.6,0.8,0.0
0,469,46900.0,-6.2416,8.7337,-62.2,1,-6.0,-12.0,20.7352,-0.6,0.8,0.0001
0,470,47000.0,-6.2416,8.7337,-62.2,1,-6.0,-12.0,20.7352,-0.6,0.8,0.0
0,471,47100.0,-6.2416,8.7337,-62.2,1,-6.0,-12.0,20.7352,-0.6,0.8,0.0
0,472,47200.0,-6.2416,8.7337,-62.2,1,-6.0,-12.0,20.7352,-0.6,0.8,0.0
0,473,47300.0,-6.2416,8.7337,-62.2,1,-6.0,-12.0,20.7352,-0.6,0.8,0.0
0,474,47400.0,-6.2416,8.7337,-62.2,1,-6.0,-12.0,20.7352,-0.6,0.8,0.0
0,475,47500.0,-6.2416,8.7337,-62.2,1,-6.0,-12.0,20.7352,-0.6,0.8,0.0
0,476,47600.0,-6.2416,8.7337,-62.2,1,-6.0,-12.0,20.7352,-0.6,0.8,0.0
0,477,47700.0,-6.2416,8.7337,-62.2,1,-6.0,-12.0,20.7352,-0.6,0.8,0.0
0,478,47800.0,-6.2416,8.7337,-62.2,1,-6.0,-12.0,20.7352,-0.6,0.8,0.0
0,479,47900.0,-6.2416,8.7337,-62.2,1,-6.0,-12.0,20.7352,-0.6,0.8,0.0
0,480,48000.0,-6.2416,8.7337,-62.2,1,-6.0,-12.0,20.7352,0.884,0.973,0.0
0,481,48100.0,-6.2415,8.7338,-62.2,1,-6.0,-12.0,20.7352,0.884,0.972,0.0001
0,482,48200.0,-6.2415,8.7338,-62.2,1,-6.0,-12.0,20.7352,0.884,0.972,0.0
0,483,48300.0,-6.2415,8.7338,-62.2,1,-6.0,-12.0,20.7352,0.884,0.972,0.0
0,484,48400.0,-6.2415,8.7338,-62.2,1,-6.0,-12.0,20.7352,0.884,0.972,0.0
0,485,48500.0,-6.2415,8.7338,-62.2,1,-6.0,-12.0,20.7352,0.884,0.972,0.0
0,486,48600.0,-6.2415,8.7338,-62.2,1,-6.0,-12.0,20.7352,-0.6,0.8,0.0
0,487,48700.0,-6.2416,8.7337,-62.2,1,-6.0,-12.0,20.7352,-0.6,0.8,0.0001
0,488,48800.0,-6.2416,8.7337,-62.2,1,-6.0,-12.0,20.7352,-0.6,0.8,0.0
0,489,48900.0,-6.2416,8.7337,-62.2,1,-6.0,-12.0,20.7352,-0.6,0.8,0.0
0,490,49000.0,-6.2416,8.7337,-62.2,1,-6.0,-12.0,20.7352,-0.6,0.8,0.0
0,491,49100.0,-6.2416,8.7337,-62.2,1,-6.0,-12.0,20.7352,-0.6,0.8,0.0
0,492,49200.0,-6.2416,8.7337,-62.2,1,-6.0,-12.0,20.7352,-0.6,0.8,0.0
0,493,49300.0,-6.2416,8.7337,-62.2,1,-6.0,-12.0,20.7352,-0.6,0.8,0.0
0,494,49400.0,-6.2416,8.7337,-62.2,1,-6.0,-12.0,20.7352,-0.6,0.8,0.0
0,495,49500.0,-6.2416,8.7337,-62.2,1,-6.0,-12.0,20.7352,-0.6,0.8,0.0
0,496,49600.0,-6.2416,8.7337,-62.2,1,-6.0,-12.0,20.7352,-0.6,0.8,0.0
0,497,49700.0,-6.2416,8.7337,-62.2,1,-6.0,-12.0,20.7352,-0.6,0.8,0.0
0,498,49800.0,-6.2416,8.7337,-62.2,1,-6.0,-12.0,20.7352,0.884,0.973,0.0
0,499,49900.0,-6.2415,8.7338,-62.2,1,-6.0,-12.0,20.7352,0.884,0.972,0.0001
0,500,50000.0,-6.2415,8.7338,-62.2,1,-6.0,-12.0,20.7352,0.884,0.972,0.0
0,501,50100.0,-6.2415,8.7338,-62.2,1,-6.0,-12.0,20.7352,0.884,0.972,0.0
0,502,50200.0,-6.2415,8.7338,-62.2,1,-6.0,-12.0,20.7352,0.884,0.972,0.0
0,503,50300.0,-6.2415,8.7338,-62.2,1,-6.0,-12.0,20.7352,0.884,0.972,0.0
0,504,50400.0,-6.2415,8.7338,-62.2,1,-6.0,-12.0,20.7352,-0.6,0.8,0.0
0,505,50500.0,-6.2416,8.7337,-62.2,1,-6.0,-12.0,20.7352,-0.6,0.8,0.0001
0,506,50600.0,-6.2416,8.7337,-62.2,1,-6.0,-12.0,20.7352,-0.6,0.8,0.0
0,507,50700.0,-6.2416,8.7337,-62.2,1,-6.0,-12.0,20.7352,-0.6,0.8,0.0
0,508,50800.0,-6.2416,8.7337,-62.2,1,-6.0,-12.0,20.7352,-0.6,0.8,0.0
0,509,50900.0,-6.2416,8.7337,-62.2,1,-6.0,-12.0,20.7352,-0.6,0.8,0.0
0,510,51000.0,-6.2416,8.7337,-62.2,1,-6.0,-12.0,20.7352,-0.6,0.8,0.0
0,511,51100.0,-6.2416,8.7337,-62.2,1,-6.0,-12.0,20.7352,-0.6,0.8,0.0
0,512,51200.0,-6.2416,8.7337,-62.2,1,-6.0,-12.0,20.7352,-0.6,0.8,0.0
0,513,51300.0,-6.2416,8.7337,-62.2,1,-6.0,-12.0,20.7352,-0.6,0.8,0.0
0,514,51400.0,-6.2416,8.7337,-62.2,1,-6.0,-12.0,20.7352,-0.6,0.8,0.0
0,515,51500.0,-6.2416,8.7337,-62.2,1,-6.0,-12.0,20.7352,-0.6,0.8,0.0
0,516,51600.0,-6.2416,8.7337,-62.2,1,-6.0,-12.0,20.7352,0.884,0.973,0.0
0,517,51700.0,-6.2415,8.7338,-62.2,1,-6.0,-12.0,20.7352,0.884,0.972,0.0001
0,518,51800.0,-6.2415,8.7338,-62.2,1,-6.0,-12.0,20.7352,0.884,0.972,0.0
0,519,51900.0,-6.2415,8.7338,-62.2,1,-6.0,-12.0,20.7352,0.884,0.972,0.0
0,520,52000.0,-6.2415,8.7338,-62.2,1,-6.0,-12.0,20.7352,0.884,0.972,0.0
0,521,52100.0,-6.2415,8.7338,-62.2,1,-6.0,-12.0,20.7352,0.884,0.972,0.0
0,522,52200.0,-6.2415,8.7338,-62.2,1,-6.0,-12.0,20.7352,-0.6,0.8,0.0
0,523,52300.0,-6.2416,8.7337,-62.2,1,-6.0,-12.0,20.7352,-0.6,0.8,0.0001
0,524,52400.0,-6.2416,8.7337,-62.2,1,-6.0,-12.0,20.7352,-0.6,0.8,0.0
0,525,52500.0,-6.2416,8.7337,-62.2,1,-6.0,-12.0,20.7352,-0.6,0.8,0.0
0,526,52600.0,-6.2416,8.7337,-62.2,1,-6.0,-12.0,20.7352,-0.6,0.8,0.0
0,527,52700.0,-6.2416,8.7337,-62.2,1,-6.0,-12.0,20.7352,-0.6,0.8,0.0
0,528,52800.0,-6.2416,8.7337,-62.2,1,-6.0,-12.0,20.7352,-0.6,0.8,0.0
0,529,52900.0,-6.2416,8.7337,-62.2,1,-6.0,-12.0,20.7352,-0.6,0.8,0.0
0,530,53000.0,-6.2416,8.7337,-62.2,1,-6.0,-12.0,20.7352,-0.6,0.8,0.0
0,531,53100.0,-6.2416,8.7337,-62.2,1,-6.0,-12.0,20.7352,-0.6,0.8,0.0
0,532,53200.0,-6.2416,8.7337,-62.2,1,-6.0,-12.0,20.7352,-0.6,0.8,0.0
0,533,53300.0,-6.2416,8.7337,-62.2,1,-6.0,-12.0,20.7352,-0.6,0.8,0.0
0,534,53400.0,-6.2416,8.7337,-62.2,1,-6.0,-12.0,20.7352,0.884,0.973,0.0
0,535,53500.0,-6.2415,8.7338,-62.2,1,-6.0,-12.0,20.7352,0.884,0.972,0.0001
0,536,53600.0,-6.2415,8.7338,-62.2,1,-6.0,-12.0,20.7352,0.884,0.972,0.0
0,537,53700.0,-6.2415,8.7338,-62.2,1,-6.0,-12.0,20.7352,0.884,0.972,0.0
0,538,53800.0,-6.2415,8.7338,-62.2,1,-6.0,-12.0,20.7352,0.884,0.972,0.0
0,539,53900.0,-6.2415,8.7338,-62.2,1,-6.0,-12.0,20.7352,0.884,0.972,0.0
0,540,54000.0,-6.2415,8.7338,-62.2,1,-6.0,-12.0,20.7352,-0.6,0.8,0.0
0,541,54100.0,-6.2416,8.7337,-62.2,1,-6.0,-12.0,20.7352,-0.6,0.8,0.0001
0,542,54200.0,-6.2416,8.7337,-62.2,1,-6.0,-12.0,20.7352,-0.6,0.8,0.0
0,543,54300.0,-6.2416,8.7337,-62.2,1,-6.0,-12.0,20.7352,-0.6,0.8,0.0
0,544,54400.0,-6.2416,8.7337,-62.2,1,-6.0,-12.0,20.7352,-0.6,0.8,0.0
0,545,54500.0,-6.2416,8.7337,-62.2,1,-6.0,-12.0,20.7352,-0.6,0.8,0.0
0,546,54600.0,-6.2416,8.7337,-62.2,1,-6.0,-12.0,20.7352,-0.6,0.8,0.0
0,547,54700.0,-6.2416,8.7337,-62.2,1,-6.0,-12.0,20.7352,-0.6,0.8,0.0
0,548,54800.0,-6.2416,8.7337,-62.2,1,-6.0,-12.0,20.7352,-0.6,0.8,0.0
0,549,54900.0,-6.2416,8.7337,-62.2,1,-6.0,-12.0,20.7352,-0.6,0.8,0.0
0,550,55000.0,-6.2416,8.7337,-62.2,1,-6.0,-12.0,20.7352,-0.6,0.8,0.0
0,551,55100.0,-6.2416,8.7337,-62.2,1,-6.0,-12.0,20.7352,-0.6,0.8,0.0
0,552,55200.0,-6.2416,8.7337,-62.2,1,-6.0,-12.0,20.7352,0.884,0.973,0.0
0,553,55300.0,-6.2415,8.7338,-62.2,1,-6.0,-12.0,20.7352,0.884,0.972,0.0001
0,554,55400.0,-6.2415,8.7338,-62.2,1,-6.0,-12.0,20.7352,0.884,0.972,0.0
0,555,55500.0,-6.2415,8.7338,-62.2,1,-6.0,-12.0,20.7352,0.884,0.972,0.0
0,556,55600.0,-6.2415,8.7338,-62.2,1,-6.0,-12.0,20.7352,0.884,0.972,0.0
0,557,55700.0,-6.2415,8.7338,-62.2,1,-6.0,-12.0,20.7352,0.884,0.972,0.0
0,558,55800.0,-6.2415,8.7338,-62.2,1,-6.0,-12.0,20.7352,-0.6,0.8,0.0
0,559,55900.0,-6.2416,8.7337,-62.2,1,-6.0,-12.0,20.7352,-0.6,0.8,0.0001
0,560,56000.0,-6.2416,8.7337,-62.2,1,-6.0,-12.0,20.7352,-0.6,0.8,0.0
0,561,56100.0,-6.2416,8.7337,-62.2,1,-6.0,-12.0,20.7352,-0.6,0.8,0.0
0,562,56200.0,-6.2416,8.7337,-62.2,1,-6.0,-12.0,20.7352,-0.6,0.8,0.0
0,563,56300.0,-6.2416,8.7337,-62.2,1,-6.0,-12.0,20.7352,-0.6,0.8,0.0
0,564,56400.0,-6.2416,8.7337,-62.2,1,-6.0,-12.0,20.7352,-0.6,0.8,0.0
0,565,56500.0,-6.2416,8.7337,-62.2,1,-6.0,-12.0,20.7352,-0.6,0.8,0.0
0,566,56600.0,-6.2416,8.7337,-62.2,1,-6.0,-12.0,20.7352,-0.6,0.8,0.0
0,567,56700.0,-6.2416,8.7337,-62.2,1,-6.0,-12.0,20.7352,-0.6,0.8,0.0
0,568,56800.0,-6.2416,8.7337,-62.2,1,-6.0,-12.0,20.7352,-0.6,0.8,0.0
