step,ee_x_b,ee_y_b,ee_z_b,radius_m,min_joint_margin,pose_err_m,manipulability,gripper
0,0.3998,-0.0,1.2103,0.9357,0.0644,0.0,0.012439,0.0047
1,0.407,-0.0,1.2082,0.9343,0.0672,0.0075,0.012809,0.0093
2,0.4136,-0.0,1.2074,0.9343,0.0684,0.0142,0.013061,0.0138
3,0.4179,-0.0,1.2068,0.9343,0.0686,0.0185,0.013188,0.0182
4,0.42,-0.0,1.2065,0.9342,0.0679,0.0206,0.013208,0.0225
5,0.4202,-0.0,1.2065,0.9343,0.0667,0.0208,0.013147,0.0267
6,0.4189,-0.0,1.2068,0.9344,0.0653,0.0194,0.013029,0.0308
7,0.4164,-0.0,1.2072,0.9345,0.0637,0.0169,0.012877,0.0342
8,0.4132,-0.0,1.2078,0.9347,0.0622,0.0136,0.012712,0.0349
9,0.4096,-0.0,1.2085,0.9349,0.0608,0.01,0.012548,0.035
10,0.406,-0.0,1.2091,0.9351,0.0597,0.0063,0.012397,0.035
11,0.4026,-0.0,1.2097,0.9353,0.0587,0.0029,0.012268,0.035
12,0.3996,-0.0,1.2102,0.9355,0.058,0.0002,0.012164,0.035
13,0.3971,-0.0,1.2106,0.9357,0.0575,0.0026,0.012088,0.035
14,0.3953,-0.0,1.2109,0.9358,0.0571,0.0045,0.01204,0.035
15,0.3942,-0.0,1.2111,0.9358,0.057,0.0057,0.012017,0.035
16,0.3936,-0.0,1.2112,0.9359,0.057,0.0062,0.012017,0.035
17,0.3936,-0.0,1.2112,0.9359,0.0572,0.0062,0.012037,0.035
18,0.394,-0.0,1.2111,0.9359,0.0576,0.0058,0.012071,0.035
19,0.3948,-0.0,1.211,0.9358,0.058,0.005,0.012115,0.035
20,0.3958,-0.0,1.2109,0.9358,0.0585,0.004,0.012165,0.035
21,0.3968,-0.0,1.2107,0.9358,0.059,0.0029,0.012215,0.035
22,0.3979,-0.0,1.2106,0.9357,0.0595,0.0018,0.012262,0.035
23,0.399,-0.0,1.2104,0.9357,0.0599,0.0008,0.012303,0.035
24,0.3998,-0.0,1.2103,0.9356,0.0602,0.0001,0.012337,0.035
25,0.4006,-0.0,1.2102,0.9356,0.0605,0.0008,0.012362,0.035
26,0.4011,-0.0,1.2101,0.9356,0.0606,0.0014,0.012378,0.035
27,0.4014,-0.0,1.2101,0.9356,0.0607,0.0017,0.012385,0.035
28,0.4016,-0.0,1.21,0.9356,0.0607,0.0019,0.012385,0.035
29,0.4016,-0.0,1.21,0.9356,0.0606,0.0018,0.012379,0.035
30,0.4015,-0.0,1.2101,0.9356,0.0605,0.0017,0.012368,0.035
31,0.4012,-0.0,1.2101,0.9356,0.0604,0.0015,0.012355,0.035
32,0.4009,-0.0,1.2101,0.9356,0.0603,0.0012,0.01234,0.035
33,0.4006,-0.0,1.2102,0.9356,0.0601,0.0009,0.012325,0.035
34,0.4003,-0.0,1.2102,0.9356,0.06,0.0005,0.012311,0.035
35,0.4,-0.0,1.2103,0.9356,0.0599,0.0002,0.0123,0.035
36,0.3997,-0.0,1.2103,0.9357,0.0598,0.0,0.01229,0.035
37,0.3995,-0.0,1.2104,0.9357,0.0598,0.0003,0.012283,0.035
38,0.3994,-0.0,1.2104,0.9357,0.0597,0.0004,0.012279,0.035
39,0.3993,-0.0,1.2104,0.9357,0.0597,0.0005,0.012277,0.035
40,0.3992,-0.0,1.2104,0.9357,0.0597,0.0006,0.012277,0.035
41,0.3992,-0.0,1.2104,0.9357,0.0597,0.0005,0.012279,0.035
42,0.3993,-0.0,1.2104,0.9357,0.0598,0.0005,0.012282,0.035
43,0.3993,-0.0,1.2104,0.9357,0.0598,0.0004,0.012286,0.035
44,0.3994,-0.0,1.2104,0.9357,0.0598,0.0003,0.01229,0.035
45,0.3995,-0.0,1.2104,0.9357,0.0599,0.0002,0.012295,0.035
46,0.3996,-0.0,1.2103,0.9357,0.0599,0.0002,0.012299,0.035
47,0.3997,-0.0,1.2103,0.9357,0.0599,0.0001,0.012302,0.035
48,0.3998,-0.0,1.2103,0.9357,0.06,0.0,0.012305,0.035
49,0.3998,-0.0,1.2103,0.9357,0.06,0.0001,0.012307,0.035
50,0.3999,-0.0,1.2103,0.9357,0.06,0.0001,0.012309,0.035
51,0.3999,-0.0,1.2103,0.9357,0.06,0.0002,0.012309,0.035
52,0.3999,-0.0,1.2103,0.9357,0.06,0.0002,0.012309,0.035
53,0.3999,-0.0,1.2103,0.9357,0.06,0.0002,0.012308,0.035
54,0.3999,-0.0,1.2103,0.9357,0.06,0.0001,0.012307,0.035
55,0.3999,-0.0,1.2103,0.9357,0.06,0.0001,0.012306,0.035
56,0.3999,-0.0,1.2103,0.9357,0.06,0.0001,0.012305,0.035
57,0.3998,-0.0,1.2103,0.9357,0.06,0.0001,0.012304,0.035
58,0.3998,-0.0,1.2103,0.9357,0.0599,0.0,0.012302,0.035
59,0.3998,-0.0,1.2103,0.9357,0.0599,0.0,0.012301,0.035
60,0.3998,-0.0,1.2103,0.9357,0.0599,0.0,0.012301,0.035
61,0.3997,-0.0,1.2103,0.9357,0.0599,0.0,0.0123,0.035
62,0.3997,-0.0,1.2103,0.9357,0.0599,0.0,0.0123,0.035
63,0.3997,-0.0,1.2103,0.9357,0.0599,0.0,0.012299,0.035
64,0.3997,-0.0,1.2103,0.9357,0.0599,0.0,0.012299,0.035
65,0.3997,-0.0,1.2103,0.9357,0.0599,0.0,0.0123,0.035
66,0.3997,-0.0,1.2103,0.9357,0.0599,0.0,0.0123,0.035
67,0.3997,-0.0,1.2103,0.9357,0.0599,0.0,0.0123,0.035
68,0.3997,-0.0,1.2103,0.9357,0.0599,0.0,0.012301,0.035
69,0.3997,-0.0,1.2103,0.9357,0.0599,0.0,0.012301,0.035
70,0.3997,-0.0,1.2103,0.9357,0.0599,0.0,0.012301,0.035
71,0.3998,-0.0,1.2103,0.9357,0.0599,0.0,0.012302,0.035
72,0.3998,-0.0,1.2103,0.9357,0.0599,0.0,0.012302,0.035
73,0.3998,-0.0,1.2103,0.9357,0.0599,0.0,0.012302,0.035
74,0.3998,-0.0,1.2103,0.9357,0.0599,0.0,0.012302,0.035
75,0.3998,-0.0,1.2103,0.9357,0.0599,0.0,0.012302,0.035
76,0.3998,-0.0,1.2103,0.9357,0.0599,0.0,0.012302,0.035
77,0.3998,-0.0,1.2103,0.9357,0.0599,0.0,0.012302,0.035
78,0.3998,-0.0,1.2103,0.9357,0.0599,0.0,0.012302,0.035
79,0.3998,-0.0,1.2103,0.9357,0.0599,0.0,0.012302,0.035
80,0.3998,-0.0,1.2103,0.9357,0.0599,0.0,0.012302,0.035
81,0.3998,-0.0,1.2103,0.9357,0.0599,0.0,0.012302,0.035
82,0.3998,-0.0,1.2103,0.9357,0.0599,0.0,0.012302,0.035
83,0.3998,-0.0,1.2103,0.9357,0.0599,0.0,0.012302,0.035
84,0.3998,-0.0,1.2103,0.9357,0.0599,0.0,0.012302,0.035
85,0.3998,-0.0,1.2103,0.9357,0.0599,0.0,0.012302,0.035
86,0.3998,-0.0,1.2103,0.9357,0.0599,0.0,0.012302,0.035
87,0.3998,-0.0,1.2103,0.9357,0.0599,0.0,0.012301,0.035
88,0.3998,-0.0,1.2103,0.9357,0.0599,0.0,0.012302,0.035
89,0.3998,-0.0,1.2103,0.9357,0.0599,0.0,0.012302,0.035
90,0.3998,-0.0,1.2103,0.9357,0.0599,0.0,0.012302,0.035
91,0.3998,-0.0,1.2103,0.9357,0.0599,0.0,0.012302,0.035
92,0.3998,-0.0,1.2103,0.9357,0.0599,0.0,0.012302,0.035
93,0.3998,-0.0,1.2103,0.9357,0.0599,0.0,0.012302,0.035
94,0.3998,-0.0,1.2103,0.9357,0.0599,0.0,0.012302,0.035
95,0.3998,-0.0,1.2103,0.9357,0.0599,0.0,0.012302,0.035
96,0.3998,-0.0,1.2103,0.9357,0.0599,0.0,0.012302,0.035
97,0.3998,-0.0,1.2103,0.9357,0.0599,0.0,0.012302,0.035
98,0.3998,-0.0,1.2103,0.9357,0.0599,0.0,0.012302,0.035
99,0.3998,-0.0,1.2103,0.9357,0.0599,0.0,0.012302,0.035
100,0.3998,-0.0,1.2103,0.9357,0.0599,0.0,0.012302,0.035
101,0.3998,-0.0,1.2103,0.9357,0.0599,0.0,0.012302,0.035
102,0.3998,-0.0,1.2103,0.9357,0.0599,0.0,0.012302,0.035
103,0.3998,-0.0,1.2103,0.9357,0.0599,0.0,0.012302,0.035
104,0.3998,-0.0,1.2103,0.9357,0.0599,0.0,0.012302,0.035
105,0.3998,-0.0,1.2103,0.9357,0.0599,0.0,0.012302,0.035
106,0.3998,-0.0,1.2103,0.9357,0.0599,0.0,0.012302,0.035
107,0.3998,-0.0,1.2103,0.9357,0.0599,0.0,0.012302,0.035
108,0.3998,-0.0,1.2103,0.9357,0.0599,0.0,0.012302,0.035
109,0.3998,-0.0,1.2103,0.9357,0.0599,0.0,0.012302,0.035
110,0.3998,-0.0,1.2103,0.9357,0.0599,0.0,0.012302,0.035
111,0.3998,-0.0,1.2103,0.9357,0.0599,0.0,0.012302,0.035
112,0.3998,-0.0,1.2103,0.9357,0.0599,0.0,0.012302,0.035
113,0.3998,-0.0,1.2103,0.9357,0.0599,0.0,0.012302,0.035
114,0.3998,-0.0,1.2103,0.9357,0.0599,0.0,0.012302,0.035
115,0.3998,-0.0,1.2103,0.9357,0.0599,0.0,0.012302,0.035
116,0.3998,-0.0,1.2103,0.9357,0.0599,0.0,0.012302,0.035
117,0.3998,-0.0,1.2103,0.9357,0.0599,0.0,0.012302,0.035
118,0.3998,-0.0,1.2103,0.9357,0.0599,0.0,0.012302,0.035
119,0.3998,-0.0,1.2103,0.9357,0.0599,0.0,0.012302,0.035
120,0.3998,-0.0,1.2103,0.9357,0.0599,0.0,0.012302,0.035
121,0.3998,-0.0,1.2103,0.9357,0.0599,0.0,0.012302,0.035
122,0.3998,-0.0,1.2103,0.9357,0.0599,0.0,0.012302,0.035
123,0.3998,-0.0,1.2103,0.9357,0.0599,0.0,0.012302,0.035
124,0.3998,-0.0,1.2103,0.9357,0.0599,0.0,0.012302,0.035
125,0.3998,-0.0,1.2103,0.9357,0.0599,0.0,0.012302,0.035
126,0.3998,-0.0,1.2103,0.9357,0.0599,0.0,0.012302,0.035
127,0.3998,-0.0,1.2103,0.9357,0.0599,0.0,0.012302,0.035
128,0.3998,-0.0,1.2103,0.9357,0.0599,0.0,0.012302,0.035
129,0.3998,-0.0,1.2103,0.9357,0.0599,0.0,0.012302,0.035
130,0.3998,-0.0,1.2103,0.9357,0.0599,0.0,0.012302,0.035
131,0.3998,-0.0,1.2103,0.9357,0.0599,0.0,0.012302,0.035
132,0.3998,-0.0,1.2103,0.9357,0.0599,0.0,0.012302,0.035
133,0.3998,-0.0,1.2103,0.9357,0.0599,0.0,0.012302,0.035
134,0.3998,-0.0,1.2103,0.9357,0.0599,0.0,0.012302,0.035
135,0.3998,-0.0,1.2103,0.9357,0.0599,0.0,0.012302,0.035
136,0.3998,-0.0,1.2103,0.9357,0.0599,0.0,0.012302,0.035
137,0.3998,-0.0,1.2103,0.9357,0.0599,0.0,0.012302,0.035
138,0.3998,-0.0,1.2103,0.9357,0.0599,0.0,0.012302,0.035
139,0.3998,-0.0,1.2103,0.9357,0.0599,0.0,0.012302,0.035
140,0.3998,-0.0,1.2103,0.9357,0.0599,0.0,0.012302,0.035
141,0.3998,-0.0,1.2103,0.9357,0.0599,0.0,0.012302,0.035
142,0.3998,-0.0,1.2103,0.9357,0.0599,0.0,0.012302,0.035
143,0.3998,-0.0,1.2103,0.9357,0.0599,0.0,0.012302,0.035
144,0.3998,-0.0,1.2103,0.9357,0.0599,0.0,0.012302,0.035
145,0.3998,-0.0,1.2103,0.9357,0.0599,0.0,0.012302,0.035
146,0.3998,-0.0,1.2103,0.9357,0.0599,0.0,0.012302,0.035
147,0.3998,-0.0,1.2103,0.9357,0.0599,0.0,0.012302,0.035
148,0.3998,-0.0,1.2103,0.9357,0.0599,0.0,0.012302,0.035
149,0.3998,-0.0,1.2103,0.9357,0.0599,0.0,0.012302,0.035
150,0.3998,-0.0,1.2103,0.9357,0.0599,0.0,0.012302,0.035
151,0.3998,-0.0,1.2103,0.9357,0.0599,0.0,0.012302,0.035
152,0.3998,-0.0,1.2103,0.9357,0.0599,0.0,0.012302,0.035
153,0.3998,-0.0,1.2103,0.9357,0.0599,0.0,0.012302,0.035
154,0.3998,-0.0,1.2103,0.9357,0.0599,0.0,0.012302,0.035
155,0.3998,-0.0,1.2103,0.9357,0.0599,0.0,0.012302,0.035
156,0.3998,-0.0,1.2103,0.9357,0.0599,0.0,0.012302,0.035
157,0.3998,-0.0,1.2103,0.9357,0.0599,0.0,0.012302,0.035
158,0.3998,-0.0,1.2103,0.9357,0.0599,0.0,0.012302,0.035
159,0.3998,-0.0,1.2103,0.9357,0.0599,0.0,0.012302,0.035
160,0.3998,-0.0,1.2103,0.9357,0.0599,0.0,0.012302,0.035
161,0.3998,-0.0,1.2103,0.9357,0.0599,0.0,0.012302,0.035
162,0.3998,-0.0,1.2103,0.9357,0.0599,0.0,0.012302,0.035
163,0.3998,-0.0,1.2103,0.9357,0.0599,0.0,0.012302,0.035
164,0.3998,-0.0,1.2103,0.9357,0.0599,0.0,0.012302,0.035
165,0.3998,-0.0,1.2103,0.9357,0.0599,0.0,0.012302,0.035
166,0.3998,-0.0,1.2103,0.9357,0.0599,0.0,0.012302,0.035
167,0.3998,-0.0,1.2103,0.9357,0.0599,0.0,0.012302,0.035
168,0.3998,-0.0,1.2103,0.9357,0.0599,0.0,0.012302,0.035
169,0.3998,-0.0,1.2103,0.9357,0.0599,0.0,0.012302,0.035
170,0.3998,-0.0,1.2103,0.9357,0.0599,0.0,0.012302,0.035
171,0.3998,-0.0,1.2103,0.9357,0.0599,0.0,0.012302,0.035
172,0.3998,-0.0,1.2103,0.9357,0.0599,0.0,0.012302,0.035
173,0.3998,-0.0,1.2103,0.9357,0.0599,0.0,0.012302,0.035
174,0.3998,-0.0,1.2103,0.9357,0.0599,0.0,0.012302,0.035
175,0.3998,-0.0,1.2103,0.9357,0.0599,0.0,0.012302,0.035
176,0.3998,-0.0,1.2103,0.9357,0.0599,0.0,0.012302,0.035
177,0.3998,-0.0,1.2103,0.9357,0.0599,0.0,0.012302,0.035
178,0.3998,-0.0,1.2103,0.9357,0.0599,0.0,0.012302,0.035
179,0.3998,-0.0,1.2103,0.9357,0.0599,0.0,0.012302,0.035
180,0.3998,-0.0,1.2103,0.9357,0.0599,0.0,0.012302,0.035
181,0.3998,-0.0,1.2103,0.9357,0.0599,0.0,0.012302,0.035
182,0.3998,-0.0,1.2103,0.9357,0.0599,0.0,0.012302,0.035
183,0.3998,-0.0,1.2103,0.9357,0.0599,0.0,0.012302,0.035
184,0.3998,-0.0,1.2103,0.9357,0.0599,0.0,0.012302,0.035
185,0.3998,-0.0,1.2103,0.9357,0.0595,0.0,0.01241,0.035
186,0.4018,-0.0,1.2101,0.9356,0.0601,0.0021,0.012636,0.035
187,0.4064,-0.0,1.2094,0.9354,0.0619,0.0067,0.012941,0.035
188,0.4126,-0.0,1.2084,0.9352,0.0643,0.013,0.013289,0.035
189,0.4197,-0.0,1.2071,0.9348,0.0667,0.0202,0.013645,0.035
190,0.4269,-0.0,1.2056,0.9343,0.0687,0.0275,0.013972,0.035
191,0.4336,-0.0,1.2041,0.9338,0.0701,0.0344,0.014211,0.035
192,0.4388,-0.0,1.2028,0.9332,0.0705,0.0398,0.014286,0.035
193,0.4412,-0.0,1.2021,0.9328,0.0695,0.0422,0.014202,0.035
194,0.4405,-0.0,1.202,0.9326,0.068,0.0416,0.013864,0.035
195,0.4351,-0.0,1.2029,0.9327,0.0648,0.0361,0.013326,0.035
196,0.4252,-0.0,1.2047,0.9332,0.0606,0.026,0.012693,0.035
197,0.4124,-0.0,1.2071,0.9339,0.0563,0.013,0.012046,0.035
198,0.3981,-0.0,1.2096,0.9347,0.0511,0.0018,0.011635,0.035
199,0.3876,-0.0,1.2113,0.9354,0.048,0.0122,0.011482,0.035
200,0.3829,-0.0,1.2121,0.9358,0.0473,0.0169,0.011524,0.035
201,0.3833,-0.0,1.2123,0.936,0.0488,0.0166,0.011707,0.035
202,0.3872,-0.0,1.2118,0.9359,0.0524,0.0127,0.011817,0.035
203,0.3899,-0.0,1.2115,0.9358,0.0549,0.0099,0.011802,0.035
204,0.3898,-0.0,1.2115,0.9358,0.0558,0.0101,0.011696,0.035
205,0.3874,-0.0,1.2118,0.9359,0.0552,0.0124,0.011526,0.035
206,0.3834,-0.0,1.2123,0.936,0.0536,0.0165,0.011318,0.035
207,0.3784,-0.0,1.2129,0.9362,0.0513,0.0215,0.0111,0.035
208,0.373,-0.0,1.2134,0.9363,0.0484,0.0269,0.010929,0.035
209,0.3688,-0.0,1.2138,0.9363,0.0458,0.0312,0.010845,0.035
210,0.3669,-0.0,1.2139,0.9363,0.0446,0.033,0.010771,0.035
211,0.3656,-0.0,1.2139,0.9362,0.0436,0.0344,0.010686,0.035
212,0.3639,-0.0,1.2139,0.9361,0.0425,0.036,0.010601,0.035
213,0.3622,-0.0,1.2139,0.936,0.0412,0.0377,0.010521,0.035
214,0.3605,-0.0,1.214,0.9359,0.0389,0.0394,0.010604,0.035
215,0.3631,-0.0,1.2137,0.9358,0.039,0.0369,0.010899,0.035
216,0.3709,-0.0,1.2129,0.9356,0.0422,0.029,0.011378,0.035
217,0.3823,-0.0,1.2118,0.9354,0.048,0.0176,0.011966,0.035
218,0.3951,-0.0,1.2102,0.9351,0.0549,0.0047,0.012532,0.035
219,0.4067,-0.0,1.2086,0.9347,0.061,0.0071,0.012997,0.035
220,0.4159,-0.0,1.2072,0.9344,0.0653,0.0164,0.013324,0.035
221,0.4223,-0.0,1.2061,0.9341,0.0673,0.023,0.013624,0.035
222,0.428,-0.0,1.205,0.9338,0.0684,0.0287,0.013911,0.035
223,0.4335,-0.0,1.2039,0.9335,0.0691,0.0343,0.014158,0.035
224,0.4384,-0.0,1.2028,0.9331,0.07,0.0394,0.014106,0.035
225,0.4385,-0.0,1.2025,0.9328,0.0686,0.0396,0.01376,0.035
226,0.4329,-0.0,1.2034,0.9329,0.065,0.0339,0.013273,0.035
227,0.4237,-0.0,1.2052,0.9334,0.0607,0.0245,0.012789,0.035
228,0.4137,-0.0,1.2071,0.934,0.0571,0.0143,0.012365,0.035
229,0.4042,-0.0,1.2088,0.9346,0.0544,0.0047,0.012022,0.035
230,0.396,-0.0,1.2102,0.9352,0.0526,0.0038,0.011763,0.035
231,0.3895,-0.0,1.2113,0.9356,0.0513,0.0103,0.011585,0.035
232,0.3849,-0.0,1.212,0.9359,0.0506,0.015,0.011482,0.035
233,0.3821,-0.0,1.2124,0.9361,0.0502,0.0177,0.011445,0.035
234,0.3811,-0.0,1.2126,0.9361,0.0504,0.0187,0.011466,0.035
235,0.3817,-0.0,1.2125,0.9361,0.051,0.0182,0.011536,0.035
236,0.3834,-0.0,1.2123,0.936,0.0521,0.0165,0.011645,0.035
237,0.3859,-0.0,1.212,0.936,0.0535,0.0139,0.011781,0.035
238,0.389,-0.0,1.2116,0.9359,0.0551,0.0108,0.01193,0.035
239,0.3923,-0.0,1.2112,0.9358,0.0567,0.0075,0.01208,0.035
240,0.3955,-0.0,1.2108,0.9357,0.0583,0.0043,0.012219,0.035
241,0.3985,-0.0,1.2104,0.9356,0.0596,0.0013,0.012338,0.035
242,0.4009,-0.0,1.21,0.9355,0.0607,0.0012,0.012432,0.035
243,0.4029,-0.0,1.2098,0.9354,0.0615,0.0032,0.012498,0.035
244,0.4042,-0.0,1.2096,0.9354,0.0619,0.0045,0.012537,0.035
245,0.405,-0.0,1.2095,0.9354,0.0621,0.0053,0.01255,0.035
246,0.4053,-0.0,1.2094,0.9354,0.062,0.0056,0.012542,0.035
247,0.4051,-0.0,1.2095,0.9354,0.0618,0.0054,0.012518,0.035
248,0.4046,-0.0,1.2095,0.9354,0.0615,0.0049,0.012482,0.035
249,0.4038,-0.0,1.2097,0.9354,0.0611,0.0041,0.01244,0.035
250,0.4029,-0.0,1.2098,0.9355,0.0607,0.0031,0.012395,0.035
251,0.4019,-0.0,1.21,0.9355,0.0603,0.0022,0.012353,0.035
252,0.4009,-0.0,1.2101,0.9356,0.06,0.0012,0.012314,0.035
253,0.4001,-0.0,1.2103,0.9356,0.0597,0.0003,0.012282,0.035
254,0.3994,-0.0,1.2104,0.9357,0.0595,0.0004,0.012256,0.035
255,0.3988,-0.0,1.2105,0.9357,0.0593,0.001,0.012239,0.035
256,0.3984,-0.0,1.2105,0.9357,0.0592,0.0014,0.012229,0.035
257,0.3982,-0.0,1.2106,0.9357,0.0592,0.0016,0.012226,0.035
258,0.3981,-0.0,1.2106,0.9357,0.0592,0.0017,0.012229,0.035
259,0.3982,-0.0,1.2106,0.9357,0.0593,0.0016,0.012237,0.035
260,0.3983,-0.0,1.2105,0.9357,0.0594,0.0014,0.012247,0.035
261,0.3986,-0.0,1.2105,0.9357,0.0595,0.0012,0.01226,0.035
262,0.3989,-0.0,1.2105,0.9357,0.0597,0.0009,0.012273,0.035
263,0.3991,-0.0,1.2104,0.9357,0.0598,0.0006,0.012286,0.035
264,0.3994,-0.0,1.2104,0.9357,0.0599,0.0003,0.012298,0.035
265,0.3997,-0.0,1.2103,0.9357,0.06,0.0001,0.012307,0.035
266,0.3999,-0.0,1.2103,0.9357,0.0601,0.0001,0.012315,0.035
267,0.4001,-0.0,1.2103,0.9356,0.0601,0.0003,0.01232,0.035
268,0.4002,-0.0,1.2103,0.9356,0.0601,0.0004,0.012323,0.035
269,0.4002,-0.0,1.2103,0.9356,0.0601,0.0005,0.012324,0.035
270,0.4003,-0.0,1.2102,0.9356,0.0601,0.0005,0.012323,0.035
271,0.4002,-0.0,1.2103,0.9356,0.0601,0.0005,0.012321,0.035
272,0.4002,-0.0,1.2103,0.9356,0.0601,0.0004,0.012318,0.035
273,0.4001,-0.0,1.2103,0.9356,0.0601,0.0004,0.012314,0.035
274,0.4,-0.0,1.2103,0.9356,0.06,0.0003,0.01231,0.035
275,0.3999,-0.0,1.2103,0.9356,0.06,0.0002,0.012306,0.035
276,0.3999,-0.0,1.2103,0.9357,0.0599,0.0001,0.012303,0.035
277,0.3998,-0.0,1.2103,0.9357,0.0599,0.0,0.0123,0.035
278,0.3997,-0.0,1.2103,0.9357,0.0599,0.0,0.012298,0.035
279,0.3997,-0.0,1.2103,0.9357,0.0599,0.0001,0.012296,0.035
280,0.3996,-0.0,1.2103,0.9357,0.0599,0.0001,0.012295,0.035
281,0.3996,-0.0,1.2103,0.9357,0.0599,0.0001,0.012295,0.035
282,0.3996,-0.0,1.2103,0.9357,0.0599,0.0001,0.012295,0.035
283,0.3996,-0.0,1.2103,0.9357,0.0599,0.0001,0.012296,0.035
284,0.3996,-0.0,1.2103,0.9357,0.0599,0.0001,0.012297,0.035
285,0.3997,-0.0,1.2103,0.9357,0.0599,0.0001,0.012298,0.035
286,0.3997,-0.0,1.2103,0.9357,0.0585,0.002,0.012249,0.035
287,0.3996,-0.0,1.2101,0.9354,0.0559,0.0038,0.012156,0.035
288,0.3996,-0.0,1.2096,0.9349,0.053,0.0053,0.012044,0.035
289,0.3999,-0.0,1.2088,0.9341,0.0504,0.0064,0.011939,0.035
290,0.4011,-0.0,1.2077,0.9332,0.0482,0.0075,0.011864,0.035
291,0.4032,-0.0,1.2064,0.9321,0.0466,0.0087,0.011832,0.035
292,0.4064,-0.0,1.2048,0.9309,0.0457,0.0108,0.011877,0.035
293,0.4109,-0.0,1.203,0.9296,0.0453,0.0141,0.012022,0.035
294,0.4168,-0.0,1.2011,0.9285,0.0453,0.0191,0.012267,0.035
295,0.4238,-0.0,1.1992,0.9274,0.0457,0.0256,0.012601,0.035
296,0.4318,-0.0,1.197,0.9265,0.0462,0.0332,0.013007,0.035
297,0.4405,-0.0,1.1947,0.9255,0.0468,0.0416,0.013472,0.035
298,0.4498,-0.0,1.1923,0.9245,0.0473,0.0507,0.013983,0.035
299,0.4596,-0.0,1.1895,0.9234,0.0478,0.0603,0.014532,0.035
300,0.4697,-0.0,1.1866,0.9223,0.0481,0.0702,0.015115,0.035
301,0.4801,-0.0,1.1834,0.9211,0.0483,0.0805,0.015731,0.035
302,0.4908,-0.0,1.1799,0.9199,0.0483,0.0911,0.016379,0.035
303,0.5018,-0.0001,1.176,0.9184,0.0481,0.102,0.017063,0.035
304,0.5132,-0.0001,1.1718,0.9169,0.0478,0.1134,0.017787,0.035
305,0.525,-0.0001,1.1671,0.9152,0.0475,0.1253,0.018556,0.035
306,0.5374,-0.0001,1.1619,0.9133,0.047,0.1378,0.019377,0.035
307,0.5504,-0.0001,1.156,0.9111,0.0467,0.1511,0.020244,0.035
308,0.564,-0.0001,1.1495,0.9087,0.0468,0.1653,0.021142,0.035
309,0.5781,-0.0001,1.1424,0.9061,0.047,0.1802,0.022064,0.035
310,0.5925,-0.0001,1.1346,0.9033,0.0472,0.1957,0.02301,0.035
311,0.6072,-0.0001,1.1261,0.9001,0.0472,0.2117,0.023986,0.035
312,0.6222,-0.0001,1.1168,0.8967,0.0468,0.2283,0.025004,0.035
313,0.6375,-0.0001,1.1066,0.8929,0.0461,0.2457,0.026075,0.035
314,0.6535,-0.0001,1.0953,0.8886,0.0451,0.2641,0.027215,0.035
315,0.6702,-0.0001,1.0825,0.8838,0.0437,0.2838,0.028441,0.035
316,0.6879,-0.0001,1.0679,0.8782,0.0424,0.3052,0.029747,0.035
317,0.7067,-0.0001,1.0511,0.8718,0.0433,0.3286,0.031007,0.035
318,0.7257,-0.0001,1.0328,0.8648,0.0453,0.353,0.032188,0.035
319,0.7442,-0.0001,1.0134,0.8574,0.0473,0.3785,0.033302,0.035
320,0.7618,-0.0001,0.9931,0.8495,0.0489,0.404,0.034356,0.035
321,0.7783,-0.0001,0.9721,0.8413,0.0501,0.4292,0.035355,0.035
322,0.7938,-0.0001,0.9506,0.8328,0.0505,0.4541,0.036299,0.035
323,0.8082,-0.0,0.9286,0.824,0.0504,0.4787,0.037186,0.035
324,0.8215,-0.0,0.9061,0.8148,0.0504,0.5031,0.038014,0.035
325,0.8338,0.0,0.8831,0.8054,0.0504,0.5272,0.038777,0.035
326,0.845,0.0001,0.8596,0.7956,0.0505,0.5511,0.039473,0.035
327,0.8552,0.0001,0.8357,0.7856,0.0505,0.5748,0.040099,0.035
328,0.8644,0.0003,0.8114,0.7752,0.0505,0.5983,0.040652,0.035
329,0.8725,0.0004,0.7867,0.7645,0.0505,0.6216,0.041131,0.035
330,0.8795,0.0007,0.7617,0.7535,0.0505,0.6447,0.041535,0.035
331,0.8854,0.0012,0.7363,0.7422,0.0505,0.6675,0.041862,0.035
332,0.8902,0.0021,0.7108,0.7307,0.0505,0.6901,0.042114,0.035
333,0.8939,0.0036,0.685,0.7188,0.0505,0.7125,0.042288,0.035
334,0.8964,0.0063,0.6592,0.7068,0.0505,0.7345,0.042385,0.035
335,0.8978,0.0108,0.6335,0.6946,0.0505,0.7561,0.04241,0.035
336,0.8979,0.0184,0.6081,0.6823,0.0503,0.7771,0.042383,0.035
337,0.8966,0.0316,0.5833,0.6701,0.0493,0.7975,0.042322,0.035
338,0.8936,0.0515,0.5594,0.658,0.048,0.8171,0.042231,0.035
339,0.8881,0.0779,0.5364,0.6463,0.0468,0.8359,0.0421,0.035
340,0.8797,0.1095,0.5145,0.6349,0.0474,0.854,0.041844,0.035
341,0.8689,0.1409,0.4933,0.6237,0.0506,0.8717,0.041447,0.035
342,0.8562,0.1715,0.4743,0.6136,0.0513,0.888,0.041006,0.035
343,0.8423,0.2012,0.4588,0.6054,0.0433,0.9018,0.040633,0.035
344,0.8277,0.2298,0.4479,0.5996,0.0327,0.9125,0.040404,0.035
345,0.8131,0.2574,0.4419,0.5964,0.0258,0.9198,0.040358,0.035
346,0.7987,0.2838,0.4409,0.5959,0.0225,0.9239,0.0405,0.035
347,0.7847,0.3092,0.4444,0.598,0.0223,0.9248,0.040813,0.035
348,0.7709,0.3336,0.452,0.6022,0.0247,0.9229,0.041263,0.035
349,0.7572,0.3568,0.4629,0.6081,0.0289,0.9187,0.04181,0.035
350,0.7433,0.3788,0.4762,0.6152,0.0343,0.9128,0.042413,0.035
351,0.729,0.3995,0.4911,0.623,0.0404,0.9057,0.043037,0.035
352,0.7141,0.4188,0.5067,0.6311,0.0464,0.8981,0.043654,0.035
353,0.6987,0.4367,0.5221,0.639,0.0495,0.8905,0.044248,0.035
354,0.6826,0.4532,0.5369,0.6464,0.0475,0.8834,0.044812,0.035
355,0.666,0.4685,0.5503,0.6531,0.046,0.8771,0.045348,0.035
356,0.649,0.4824,0.5622,0.6589,0.0452,0.8719,0.045862,0.035
357,0.6317,0.4953,0.5723,0.6639,0.0449,0.868,0.046362,0.035
358,0.6142,0.507,0.5807,0.668,0.0451,0.8654,0.046859,0.035
359,0.5966,0.5179,0.5873,0.6713,0.0457,0.864,0.047362,0.035
360,0.5789,0.5278,0.5925,0.6738,0.0465,0.8638,0.047878,0.035
361,0.5613,0.5369,0.5964,0.6758,0.0474,0.8645,0.048412,0.035
362,0.5437,0.5453,0.5991,0.6772,0.0483,0.866,0.048968,0.035
363,0.5262,0.5529,0.6011,0.6782,0.0491,0.8681,0.050057,0.035
364,0.5088,0.5608,0.6033,0.6802,0.0497,0.8707,0.052016,0.035
365,0.4919,0.5697,0.6066,0.6841,0.0499,0.8735,0.055084,0.035
366,0.4757,0.5799,0.6114,0.6907,0.0501,0.8766,0.058622,0.035
367,0.4602,0.5905,0.6179,0.6989,0.0505,0.8791,0.062177,0.035
368,0.4451,0.6005,0.6289,0.7095,0.0506,0.8784,0.06571,0.035
369,0.4302,0.6096,0.6463,0.723,0.0501,0.8729,0.069148,0.035
370,0.4157,0.6173,0.6699,0.7393,0.0491,0.8627,0.07242,0.035
371,0.4013,0.6233,0.6977,0.7571,0.0481,0.8492,0.075519,0.035
372,0.3869,0.628,0.7244,0.7743,0.0472,0.8362,0.078437,0.035
373,0.3722,0.6318,0.7498,0.7906,0.0467,0.8242,0.081162,0.035
374,0.3571,0.6348,0.7739,0.8063,0.0465,0.8132,0.083685,0.035
375,0.3413,0.6371,0.7967,0.8214,0.0465,0.8033,0.085996,0.035
376,0.3247,0.6388,0.8184,0.8358,0.0467,0.7943,0.08808,0.035
377,0.3071,0.6399,0.8391,0.8497,0.047,0.7862,0.089922,0.035
378,0.2884,0.6402,0.8588,0.8632,0.0473,0.7789,0.091505,0.035
379,0.2686,0.6397,0.8779,0.8762,0.0476,0.7724,0.092808,0.035
380,0.2474,0.6382,0.8965,0.8889,0.0479,0.7663,0.093812,0.035
381,0.225,0.6355,0.9148,0.9014,0.0483,0.7606,0.094498,0.035
382,0.2012,0.6313,0.933,0.9136,0.0486,0.755,0.094846,0.035
383,0.1764,0.6254,0.9514,0.9258,0.049,0.7493,0.094834,0.035
384,0.1505,0.6173,0.9701,0.9379,0.0498,0.7432,0.094404,0.035
385,0.1238,0.6068,0.9897,0.9503,0.0504,0.7363,0.093433,0.035
386,0.0973,0.5932,1.0109,0.9629,0.0505,0.7277,0.092044,0.035
387,0.0723,0.5763,1.0338,0.9758,0.0504,0.7167,0.090141,0.035
388,0.0498,0.5561,1.0589,0.9892,0.0506,0.7021,0.087654,0.035
389,0.0304,0.5328,1.0858,1.003,0.0511,0.6848,0.084602,0.035
390,0.0143,0.5068,1.1141,1.017,0.0462,0.6651,0.081008,0.035
391,0.002,0.4785,1.1432,1.031,0.0327,0.6433,0.076912,0.035
392,-0.0064,0.4481,1.1728,1.0449,0.0224,0.6194,0.072349,0.035
393,-0.0105,0.4161,1.2023,1.0584,0.016,0.5936,0.067755,0.035
394,-0.0093,0.3825,1.2304,1.0702,0.0139,0.5652,0.063547,0.035
395,-0.0021,0.3487,1.2557,1.0793,0.0163,0.5345,0.059791,0.035
396,0.011,0.3162,1.2778,1.0858,0.0232,0.5019,0.056433,0.035
397,0.0299,0.2856,1.2965,1.0899,0.0349,0.4674,0.053359,0.035
398,0.0543,0.2572,1.3119,1.0915,0.0511,0.4307,0.050328,0.035
399,0.0833,0.231,1.3245,1.0915,0.067,0.3922,0.047478,0.035
400,0.1144,0.2072,1.3343,1.0904,0.0693,0.3538,0.04486,0.035
401,0.1469,0.1871,1.3413,1.0885,0.0648,0.3165,0.042385,0.035
402,0.1789,0.1662,1.3482,1.0878,0.0685,0.2796,0.040027,0.035
403,0.2105,0.1406,1.3566,1.0894,0.0807,0.2411,0.038206,0.035
404,0.2418,0.1171,1.3624,1.0902,0.0954,0.2045,0.036845,0.035
405,0.2709,0.093,1.3656,1.09,0.0896,0.1696,0.035894,0.035
406,0.2971,0.0671,1.3668,1.0889,0.0791,0.1368,0.035326,0.035
407,0.3195,0.0399,1.3661,1.087,0.0753,0.1077,0.035059,0.035
408,0.3369,0.0134,1.3635,1.0842,0.0779,0.0861,0.034907,0.035
409,0.3486,-0.0107,1.3596,1.0807,0.0877,0.0746,0.034736,0.035
410,0.3557,-0.0315,1.3547,1.0766,0.105,0.0726,0.034564,0.035
411,0.3586,-0.0467,1.3491,1.0718,0.1226,0.0756,0.034036,0.035
412,0.3588,-0.0548,1.3434,1.0664,0.1239,0.0778,0.034032,0.035
413,0.3647,-0.0548,1.3367,1.0601,0.1082,0.0718,0.034472,0.035
414,0.3765,-0.055,1.3267,1.051,0.0988,0.0631,0.035078,0.035
415,0.3919,-0.0577,1.3148,1.0405,0.1085,0.0588,0.035741,0.035
416,0.4018,-0.0645,1.3048,1.0319,0.1261,0.0645,0.036198,0.035
417,0.3994,-0.0765,1.2989,1.0266,0.1437,0.0769,0.036077,0.035
418,0.3918,-0.0836,1.2936,1.0211,0.1489,0.0846,0.03564,0.035
419,0.3892,-0.0824,1.2874,1.0147,0.149,0.0844,0.035076,0.035
420,0.3942,-0.0772,1.2787,1.0061,0.1377,0.0803,0.034517,0.035
421,0.4026,-0.0749,1.268,0.9962,0.1386,0.0809,0.0338,0.035
422,0.4127,-0.0711,1.2566,0.9856,0.1515,0.0824,0.0327,0.035
423,0.4167,-0.0683,1.2474,0.9768,0.1368,0.0846,0.031178,0.035
424,0.4103,-0.0689,1.2419,0.9707,0.1087,0.086,0.029528,0.035
425,0.3996,-0.068,1.2385,0.966,0.0901,0.0855,0.028358,0.035
426,0.3939,-0.0614,1.2354,0.962,0.078,0.0812,0.027633,0.035
427,0.3962,-0.0499,1.2311,0.9573,0.0688,0.076,0.027274,0.035
428,0.4044,-0.0375,1.2256,0.9521,0.0618,0.0732,0.027217,0.035
429,0.415,-0.0272,1.2198,0.9472,0.056,0.0752,0.027314,0.035
430,0.4236,-0.0207,1.2157,0.944,0.0515,0.0792,0.027383,0.035
431,0.4274,-0.0198,1.2146,0.9435,0.0478,0.0812,0.027366,0.035
432,0.4255,-0.0242,1.217,0.9456,0.0444,0.0778,0.027296,0.0351
433,0.4193,-0.0322,1.2215,0.9496,0.0432,0.0732,0.027237,0.0351
434,0.4117,-0.0417,1.2265,0.954,0.0434,0.0707,0.02722,0.035
435,0.4058,-0.0513,1.2305,0.9578,0.0445,0.0717,0.027272,0.035
436,0.4039,-0.0598,1.2331,0.9606,0.0461,0.0751,0.02738,0.035
437,0.4068,-0.0672,1.2339,0.9622,0.04,0.0798,0.027522,0.035
438,0.4141,-0.0742,1.2332,0.9628,0.0333,0.086,0.027698,0.035
439,0.4243,-0.0815,1.2313,0.9628,0.0318,0.0945,0.027894,0.035
440,0.436,-0.0894,1.2285,0.9624,0.0357,0.1051,0.02807,0.0351
441,0.4476,-0.0975,1.2253,0.9617,0.0409,0.1168,0.028199,0.0351
442,0.4582,-0.1042,1.2219,0.9608,0.0448,0.1274,0.028231,0.035
443,0.467,-0.1079,1.2188,0.9596,0.0476,0.135,0.028091,0.035
444,0.4732,-0.1089,1.2162,0.9583,0.0495,0.1393,0.027763,0.035
445,0.4765,-0.109,1.2146,0.9573,0.0493,0.1409,0.027272,0.035
446,0.4767,-0.1092,1.2143,0.9571,0.049,0.1407,0.026648,0.035
447,0.4743,-0.1092,1.2152,0.9576,0.0492,0.1384,0.025895,0.035
448,0.4696,-0.1081,1.2171,0.9584,0.0494,0.1345,0.024997,0.035
449,0.4631,-0.1057,1.2194,0.9593,0.0493,0.1287,0.023997,0.035
450,0.4554,-0.1032,1.2222,0.9604,0.0493,0.1221,0.022963,0.035
451,0.4469,-0.101,1.2251,0.9618,0.0491,0.1157,0.021944,0.035
452,0.4384,-0.0989,1.2281,0.9632,0.0493,0.1098,0.020942,0.035
453,0.4304,-0.096,1.2307,0.9644,0.0496,0.1039,0.01994,0.035
454,0.4231,-0.0924,1.2327,0.9651,0.0497,0.0981,0.018972,0.035
455,0.4166,-0.0891,1.2345,0.9657,0.0498,0.0928,0.018096,0.035
456,0.4111,-0.0863,1.2361,0.9664,0.0499,0.0886,0.017289,0.035
457,0.4065,-0.0834,1.2374,0.9669,0.0501,0.0847,0.016513,0.035
458,0.4027,-0.0802,1.2383,0.9671,0.0501,0.0811,0.015815,0.035
459,0.3993,-0.0775,1.2392,0.9674,0.0499,0.0783,0.015255,0.035
460,0.3964,-0.0753,1.2403,0.9681,0.0502,0.0758,0.014725,0.035
461,0.3941,-0.0723,1.241,0.9683,0.0506,0.0727,0.014211,0.035
462,0.3918,-0.0695,1.2412,0.9681,0.0498,0.07,0.013828,0.035
463,0.3894,-0.0672,1.2418,0.9683,0.0497,0.0681,0.013614,0.035
464,0.3872,-0.0655,1.2428,0.969,0.0507,0.0666,0.013415,0.035
465,0.3852,-0.064,1.2433,0.9692,0.0506,0.0657,0.013175,0.035
466,0.3831,-0.0627,1.2434,0.969,0.0499,0.0648,0.013007,0.035
467,0.3812,-0.0611,1.2437,0.9691,0.05,0.064,0.012916,0.035
468,0.3797,-0.0596,1.2443,0.9694,0.0504,0.0631,0.012807,0.035
469,0.3785,-0.0581,1.2446,0.9695,0.0503,0.0622,0.012697,0.035
470,0.3775,-0.0567,1.2447,0.9694,0.0499,0.0613,0.012653,0.035
471,0.3767,-0.0555,1.2449,0.9695,0.0499,0.0604,0.01267,0.035
472,0.3762,-0.0545,1.2453,0.9698,0.0501,0.0597,0.012687,0.035
473,0.376,-0.0537,1.2455,0.97,0.0501,0.0594,0.01268,0.035
474,0.3759,-0.0531,1.2455,0.9699,0.05,0.0592,0.012684,0.035
475,0.376,-0.0525,1.2453,0.9697,0.0497,0.059,0.012724,0.035
476,0.3763,-0.0518,1.2452,0.9696,0.0494,0.0587,0.012793,0.035
477,0.3768,-0.0511,1.2452,0.9696,0.0493,0.0579,0.012892,0.035
478,0.3774,-0.0504,1.2452,0.9696,0.0494,0.0571,0.01302,0.035
479,0.3781,-0.0498,1.2452,0.9697,0.0497,0.0571,0.013176,0.035
480,0.3789,-0.0494,1.2454,0.9699,0.0499,0.0573,0.013353,0.035
481,0.3798,-0.0489,1.2456,0.9701,0.05,0.0574,0.013541,0.035
482,0.381,-0.0486,1.2458,0.9704,0.0501,0.0576,0.013727,0.035
483,0.3823,-0.0484,1.2459,0.9707,0.0502,0.0578,0.013905,0.035
484,0.3837,-0.0483,1.246,0.9708,0.0502,0.058,0.01407,0.035
485,0.3853,-0.0484,1.2459,0.9709,0.0502,0.0582,0.014225,0.035
486,0.3871,-0.0486,1.2457,0.9709,0.0502,0.0585,0.014372,0.035
487,0.3889,-0.0489,1.2455,0.9708,0.0502,0.0587,0.014514,0.035
488,0.3908,-0.0493,1.2452,0.9707,0.0501,0.0591,0.014652,0.035
489,0.3927,-0.0497,1.2449,0.9706,0.0501,0.0594,0.014788,0.035
490,0.3946,-0.0502,1.2446,0.9705,0.0501,0.0598,0.014919,0.035
491,0.3966,-0.0508,1.2443,0.9704,0.0501,0.0602,0.015047,0.035
492,0.3985,-0.0514,1.2439,0.9703,0.05,0.0607,0.015169,0.035
493,0.4004,-0.0521,1.2436,0.9702,0.05,0.0612,0.015287,0.035
494,0.4022,-0.0527,1.2432,0.9701,0.05,0.0618,0.015399,0.035
495,0.404,-0.0534,1.2429,0.97,0.05,0.0624,0.015507,0.035
496,0.4058,-0.0541,1.2425,0.9698,0.05,0.063,0.01561,0.035
497,0.4074,-0.0548,1.2422,0.9697,0.05,0.0637,0.01571,0.035
498,0.409,-0.0555,1.2419,0.9696,0.05,0.0644,0.015805,0.035
499,0.4106,-0.0561,1.2415,0.9695,0.05,0.0652,0.015898,0.035
500,0.4121,-0.0568,1.2412,0.9694,0.05,0.0659,0.015988,0.035
501,0.4135,-0.0575,1.2409,0.9692,0.05,0.0667,0.016077,0.035
502,0.415,-0.0582,1.2405,0.9691,0.05,0.0675,0.016164,0.035
503,0.4164,-0.0588,1.2402,0.969,0.05,0.0683,0.016251,0.035
504,0.4178,-0.0595,1.2398,0.9689,0.05,0.0692,0.016337,0.035
505,0.4192,-0.0602,1.2395,0.9687,0.05,0.07,0.016423,0.035
506,0.4206,-0.0609,1.2392,0.9686,0.05,0.0708,0.01651,0.035
507,0.4219,-0.0615,1.2388,0.9685,0.0422,0.0717,0.016471,0.035
508,0.4231,-0.0584,1.2388,0.9685,0.0396,0.0694,0.016453,0.035
509,0.4238,-0.058,1.2388,0.9685,0.0395,0.0698,0.016475,0.035
510,0.4247,-0.0588,1.2386,0.9684,0.0406,0.071,0.01655,0.035
511,0.426,-0.0601,1.2381,0.9682,0.0424,0.0725,0.016681,0.035
512,0.4276,-0.0617,1.2375,0.9679,0.0445,0.074,0.016858,0.035
513,0.4297,-0.0636,1.2368,0.9676,0.0465,0.0754,0.017066,0.035
514,0.432,-0.0654,1.2361,0.9674,0.0482,0.0767,0.017286,0.035
515,0.4345,-0.0672,1.2353,0.9671,0.0495,0.078,0.017504,0.035
516,0.437,-0.0688,1.2346,0.9668,0.0501,0.0791,0.017709,0.035
517,0.4394,-0.0703,1.2338,0.9665,0.05,0.0801,0.017896,0.035
518,0.4418,-0.0715,1.2331,0.9662,0.05,0.081,0.018062,0.035
519,0.4439,-0.0726,1.2324,0.966,0.05,0.0818,0.018206,0.035
520,0.4458,-0.0734,1.2319,0.9658,0.05,0.0826,0.018329,0.035
521,0.4475,-0.0741,1.2314,0.9656,0.05,0.0834,0.018434,0.035
522,0.449,-0.0747,1.2309,0.9654,0.05,0.0842,0.018523,0.035
523,0.4502,-0.0752,1.2305,0.9653,0.05,0.085,0.018601,0.035
524,0.4513,-0.0757,1.2302,0.9651,0.0499,0.0858,0.018672,0.035
525,0.4523,-0.0761,1.2299,0.965,0.0497,0.0867,0.01874,0.035
526,0.4533,-0.0766,1.2296,0.9649,0.0496,0.0876,0.018808,0.035
527,0.4542,-0.0771,1.2293,0.9648,0.0496,0.0885,0.01888,0.035
528,0.4551,-0.0776,1.229,0.9647,0.0496,0.0895,0.018956,0.035
529,0.4561,-0.0781,1.2286,0.9646,0.0496,0.0904,0.019039,0.035
530,0.4572,-0.0786,1.2283,0.9644,0.0496,0.0914,0.019129,0.035
531,0.4583,-0.0792,1.2279,0.9643,0.0497,0.0924,0.019227,0.035
532,0.4595,-0.0798,1.2275,0.9641,0.0497,0.0933,0.019331,0.035
533,0.4607,-0.0805,1.2271,0.964,0.0497,0.0932,0.019438,0.035
534,0.462,-0.0811,1.2266,0.9638,0.0498,0.0931,0.019542,0.035
535,0.4633,-0.0817,1.2261,0.9636,0.0497,0.0931,0.019639,0.035
536,0.4645,-0.0822,1.2257,0.9634,0.0497,0.0939,0.019729,0.035
537,0.4656,-0.0826,1.2254,0.9633,0.0497,0.0948,0.019813,0.035
538,0.4666,-0.0831,1.2251,0.9632,0.0497,0.0957,0.019892,0.035
539,0.4675,-0.0835,1.2248,0.9631,0.0498,0.0966,0.019965,0.035
540,0.4683,-0.0839,1.2245,0.963,0.0498,0.0975,0.020035,0.035
541,0.4692,-0.0843,1.2242,0.9629,0.0498,0.0985,0.02011,0.035
542,0.47,-0.0848,1.2238,0.9628,0.0498,0.0995,0.02019,0.035
543,0.471,-0.0852,1.2235,0.9627,0.0506,0.1005,0.020424,0.035
544,0.4712,-0.091,1.2227,0.9624,0.0504,0.1064,0.020575,0.035
545,0.4722,-0.0932,1.2219,0.9621,0.0501,0.1088,0.020684,0.035
546,0.4734,-0.0937,1.2214,0.9619,0.05,0.1097,0.020766,0.035
547,0.4747,-0.0933,1.2212,0.9618,0.05,0.1097,0.020814,0.035
548,0.4757,-0.0924,1.2211,0.9618,0.0505,0.1095,0.020843,0.035
549,0.4766,-0.0914,1.221,0.9618,0.0511,0.1093,0.020864,0.035
550,0.4773,-0.0905,1.2211,0.9619,0.0506,0.1092,0.020896,0.035
551,0.4779,-0.0898,1.2211,0.962,0.0501,0.1094,0.020968,0.035
552,0.4787,-0.0893,1.2213,0.9622,0.0494,0.1097,0.021083,0.035
553,0.4796,-0.0892,1.2214,0.9625,0.0488,0.1103,0.021224,0.035
554,0.4806,-0.0894,1.2214,0.9627,0.0484,0.111,0.021381,0.035
555,0.4819,-0.0898,1.2213,0.9629,0.0484,0.1117,0.021565,0.035
556,0.4833,-0.0904,1.2211,0.963,0.0485,0.1125,0.021775,0.035
557,0.485,-0.0911,1.2208,0.9632,0.0488,0.1133,0.021997,0.035
558,0.4868,-0.092,1.2204,0.9632,0.0491,0.1142,0.02222,0.035
559,0.4887,-0.0928,1.22,0.9632,0.0494,0.1149,0.022452,0.035
560,0.4907,-0.0937,1.2195,0.9632,0.0497,0.1157,0.022691,0.035
561,0.4928,-0.0946,1.219,0.9632,0.0499,0.1164,0.022922,0.035
562,0.4948,-0.0954,1.2184,0.9632,0.05,0.1172,0.023143,0.035
563,0.4968,-0.0962,1.2179,0.9632,0.05,0.1178,0.023363,0.035
564,0.4987,-0.0969,1.2174,0.9631,0.0501,0.1185,0.023577,0.035
565,0.5005,-0.0975,1.217,0.9632,0.0501,0.1192,0.023774,0.035
566,0.5022,-0.0981,1.2166,0.9632,0.05,0.1199,0.023965,0.035
567,0.5039,-0.0986,1.2162,0.9632,0.05,0.1205,0.024155,0.035
568,0.5054,-0.0991,1.2159,0.9633,0.05,0.1213,0.024334,0.035
569,0.5068,-0.0996,1.2156,0.9634,0.05,0.122,0.024503,0.035
570,0.5082,-0.1,1.2154,0.9635,0.05,0.1227,0.024678,0.035
571,0.5095,-0.1004,1.2152,0.9636,0.05,0.1235,0.024849,0.035
572,0.5108,-0.1008,1.2149,0.9637,0.0499,0.1242,0.025011,0.035
573,0.512,-0.1012,1.2147,0.9638,0.0499,0.125,0.025184,0.035
574,0.5133,-0.1016,1.2145,0.9639,0.0499,0.1258,0.025357,0.035
575,0.5146,-0.102,1.2143,0.964,0.0499,0.1265,0.025522,0.035
576,0.5159,-0.1024,1.2141,0.9641,0.0499,0.1273,0.025701,0.035
577,0.5172,-0.1029,1.2138,0.9643,0.0499,0.1281,0.025883,0.035
578,0.5186,-0.1033,1.2136,0.9643,0.0499,0.1288,0.026052,0.035
579,0.5199,-0.1037,1.2133,0.9644,0.0499,0.1296,0.026243,0.035
580,0.5213,-0.1041,1.213,0.9645,0.05,0.1303,0.026428,0.035
581,0.5227,-0.1046,1.2127,0.9646,0.05,0.1311,0.026601,0.035
582,0.5241,-0.105,1.2124,0.9647,0.05,0.1318,0.026804,0.035
583,0.5256,-0.1055,1.2121,0.9648,0.05,0.1325,0.026981,0.035
584,0.527,-0.1059,1.2117,0.9648,0.05,0.1332,0.027159,0.035
585,0.5284,-0.1062,1.2114,0.9649,0.05,0.1339,0.027371,0.035
586,0.5299,-0.1067,1.2111,0.965,0.05,0.1347,0.027522,0.035
587,0.5312,-0.107,1.2108,0.965,0.05,0.1353,0.027731,0.035
588,0.5327,-0.1075,1.2105,0.9651,0.05,0.1361,0.027913,0.035
589,0.534,-0.1079,1.2101,0.9652,0.05,0.1368,0.028056,0.035
590,0.5353,-0.1081,1.2099,0.9652,0.05,0.1375,0.028311,0.035
591,0.5368,-0.1087,1.2096,0.9654,0.05,0.1383,0.028387,0.035
592,0.5378,-0.1088,1.2093,0.9654,0.05,0.139,0.02867,0.035
593,0.5394,-0.1094,1.2091,0.9656,0.05,0.1398,0.028764,0.035
594,0.5404,-0.1095,1.2087,0.9656,0.05,0.1405,0.02896,0.035
595,0.5418,-0.1099,1.2085,0.9658,0.05,0.1412,0.02921,0.035
596,0.5431,-0.1105,1.2082,0.9659,0.05,0.1421,0.029165,0.035
597,0.5439,-0.11,1.208,0.9658,0.0499,0.1426,0.029749,0.035
598,0.546,-0.1117,1.2078,0.9663,0.05,0.1438,0.029452,0.035
599,0.5463,-0.1103,1.2076,0.9661,0.05,0.1438,0.030395,0.035
600,0.5494,-0.1129,1.2082,0.9678,0.0501,0.145,0.030246,0.035
601,0.5491,-0.1125,1.2081,0.9675,0.0498,0.1462,0.030063,0.035
602,0.5494,-0.111,1.2083,0.9676,0.05,0.1461,0.030996,0.035
603,0.5512,-0.114,1.2094,0.9694,0.0502,0.1483,0.030706,0.035
604,0.5494,-0.1127,1.2112,0.9706,0.0498,0.1495,0.031089,0.035
605,0.5501,-0.1127,1.2128,0.9723,0.0496,0.1501,0.031346,0.035
606,0.55,-0.1135,1.2124,0.972,0.0496,0.1521,0.030769,0.035
607,0.5499,-0.1108,1.2117,0.971,0.0494,0.1516,0.031618,0.035
608,0.5552,-0.1123,1.211,0.9718,0.0494,0.1507,0.032773,0.035
609,0.5597,-0.1166,1.2093,0.9719,0.05,0.1525,0.032564,0.035
610,0.5624,-0.1157,1.2074,0.9707,0.05,0.1516,0.032727,0.035
611,0.5695,-0.1142,1.2039,0.9691,0.0501,0.148,0.034433,0.035
612,0.5792,-0.1199,1.2012,0.97,0.0505,0.1485,0.03638,0.035
613,0.5851,-0.1271,1.2016,0.973,0.0502,0.1522,0.036467,0.035
614,0.5867,-0.1266,1.2029,0.9747,0.0495,0.1517,0.036068,0.035
615,0.5883,-0.1224,1.2028,0.9745,0.0494,0.1485,0.037072,0.035
616,0.5907,-0.1241,1.2045,0.9771,0.0493,0.1494,0.03816,0.035
617,0.5889,-0.1275,1.2096,0.9817,0.05,0.1534,0.037353,0.035
618,0.5828,-0.1247,1.2149,0.9847,0.0497,0.1551,0.036135,0.035
619,0.5775,-0.1189,1.217,0.9845,0.0491,0.1535,0.036274,0.035
620,0.574,-0.1184,1.2205,0.9867,0.0491,0.1551,0.036618,0.035
621,0.5667,-0.1199,1.228,0.9921,0.0507,0.1607,0.035276,0.035
622,0.5551,-0.1163,1.2355,0.9958,0.0505,0.1662,0.033735,0.035
623,0.5457,-0.1101,1.2388,0.9959,0.0491,0.1691,0.033307,0.035
624,0.5386,-0.1079,1.2426,0.9976,0.0488,0.1733,0.032981,0.035
625,0.5277,-0.107,1.25,1.0021,0.0523,0.1821,0.031315,0.035
626,0.5138,-0.1023,1.2562,1.0045,0.0528,0.1916,0.029796,0.035
627,0.5041,-0.0956,1.2578,1.0034,0.0499,0.1966,0.029354,0.035
628,0.4984,-0.093,1.2595,1.0038,0.0487,0.2006,0.028849,0.035
629,0.4899,-0.092,1.2617,1.0041,0.0511,0.2062,0.027201,0.035
630,0.4795,-0.0885,1.2616,1.0018,0.0528,0.2122,0.026017,0.035
631,0.4748,-0.0844,1.259,0.9981,0.0511,0.2125,0.026269,0.035
632,0.4775,-0.0852,1.2577,0.9974,0.0491,0.2084,0.026931,0.035
633,0.4808,-0.0885,1.2568,0.9973,0.0508,0.2049,0.026611,0.035
634,0.4825,-0.0885,1.2541,0.995,0.0519,0.2013,0.026745,0.035
635,0.4894,-0.0889,1.2495,0.9918,0.0505,0.1931,0.028006,0.035
636,0.5002,-0.0944,1.2457,0.9908,0.05,0.1843,0.028943,0.035
637,0.509,-0.0992,1.2409,0.9883,0.0512,0.1775,0.028929,0.035
638,0.5175,-0.1002,1.2341,0.9837,0.0509,0.1692,0.029994,0.035
639,0.5311,-0.1037,1.2277,0.981,0.0499,0.1591,0.032074,0.035
640,0.5453,-0.1111,1.223,0.9807,0.05,0.1527,0.032718,0.035
641,0.5537,-0.1132,1.2192,0.9795,0.0492,0.1475,0.033093,0.035
642,0.5601,-0.1135,1.2152,0.9774,0.048,0.143,0.033905,0.035
643,0.5649,-0.1163,1.2114,0.9753,0.0485,0.1418,0.033421,0.035
644,0.5671,-0.115,1.2083,0.9728,0.049,0.1389,0.033372,0.035
645,0.5725,-0.1135,1.2051,0.9711,0.0489,0.1342,0.034772,0.035
646,0.5793,-0.1184,1.2039,0.9724,0.0494,0.1347,0.036343,0.035
647,0.582,-0.1246,1.2059,0.9759,0.05,0.1379,0.035812,0.035
648,0.579,-0.1232,1.2085,0.9773,0.0495,0.1366,0.034525,0.035
649,0.5743,-0.1176,1.2096,0.9764,0.0493,0.1325,0.034594,0.035
650,0.5708,-0.1175,1.2125,0.9781,0.0495,0.1326,0.034542,0.035
651,0.5626,-0.1183,1.2178,0.981,0.0502,0.1356,0.032687,0.035
652,0.5497,-0.1129,1.2231,0.9821,0.05,0.1363,0.030965,0.035
653,0.5401,-0.1059,1.2257,0.9814,0.0495,0.1351,0.030628,0.035
654,0.5335,-0.105,1.2294,0.9833,0.0497,0.1372,0.030107,0.035
655,0.5226,-0.1049,1.2346,0.9858,0.0507,0.143,0.02824,0.035
656,0.5089,-0.0994,1.2387,0.9862,0.0505,0.1476,0.026799,0.035
657,0.4999,-0.0932,1.2405,0.9855,0.0498,0.149,0.026608,0.035
658,0.4956,-0.0929,1.2428,0.9869,0.0497,0.1509,0.026328,0.035
659,0.4897,-0.0938,1.2444,0.9873,0.0504,0.1546,0.025164,0.035
660,0.4826,-0.0904,1.2449,0.9862,0.0506,0.1567,0.024515,0.035
661,0.4805,-0.0869,1.2441,0.9847,0.0499,0.1547,0.024915,0.035
662,0.4833,-0.0891,1.2433,0.9846,0.0497,0.152,0.025231,0.035
663,0.4855,-0.0923,1.2406,0.9827,0.0503,0.1503,0.024907,0.035
664,0.4876,-0.0917,1.2378,0.9803,0.0505,0.1466,0.025028,0.035
665,0.4939,-0.0911,1.2344,0.9781,0.0501,0.1397,0.026152,0.035
666,0.5032,-0.096,1.2315,0.9777,0.0503,0.1347,0.027036,0.035
667,0.5092,-0.1009,1.2281,0.9761,0.0503,0.1329,0.026952,0.035
668,0.5132,-0.1008,1.2253,0.9743,0.0498,0.1291,0.027003,0.035
669,0.5187,-0.0996,1.2225,0.9727,0.0496,0.1237,0.028046,0.035
670,0.5257,-0.1036,1.2206,0.9728,0.05,0.1222,0.028618,0.035
671,0.5277,-0.1071,1.2187,0.9718,0.0498,0.1233,0.028063,0.035
672,0.5271,-0.1053,1.2179,0.9707,0.0493,0.1212,0.027626,0.035
673,0.5278,-0.1023,1.2173,0.9699,0.0491,0.1173,0.028205,0.035
674,0.5301,-0.1045,1.2171,0.9706,0.0497,0.1173,0.028324,0.035
675,0.5282,-0.1067,1.2164,0.9697,0.0499,0.1193,0.027431,0.035
676,0.5243,-0.104,1.2168,0.9689,0.0495,0.1177,0.026857,0.035
677,0.5229,-0.1006,1.2174,0.9687,0.0496,0.1143,0.027262,0.035
678,0.5234,-0.1024,1.218,0.9697,0.0502,0.1147,0.027245,0.035
679,0.5207,-0.1042,1.2174,0.9687,0.0502,0.1167,0.026368,0.035
680,0.5168,-0.1016,1.2178,0.9679,0.0497,0.1152,0.025887,0.035
681,0.5154,-0.0984,1.2187,0.9681,0.0499,0.113,0.026292,0.035
682,0.516,-0.1001,1.2194,0.9691,0.0504,0.1142,0.026312,0.035
683,0.5139,-0.102,1.2186,0.9681,0.0501,0.1169,0.025582,0.035
684,0.511,-0.0996,1.2188,0.9673,0.0497,0.1162,0.025263,0.035
685,0.5106,-0.0969,1.2196,0.9677,0.0498,0.113,0.025775,0.035
686,0.5121,-0.099,1.2201,0.9688,0.0504,0.113,0.025892,0.035
687,0.511,-0.1011,1.2191,0.9678,0.0501,0.1146,0.025254,0.035
688,0.5087,-0.0991,1.219,0.967,0.0496,0.1129,0.024951,0.035
689,0.5082,-0.0964,1.22,0.9676,0.0496,0.1098,0.025371,0.035
690,0.5092,-0.0981,1.2206,0.9686,0.0502,0.1099,0.025375,0.035
691,0.5076,-0.0998,1.2194,0.9672,0.0501,0.1113,0.024718,0.035
692,0.5049,-0.0976,1.2194,0.9665,0.0496,0.1097,0.024393,0.035
693,0.5038,-0.095,1.2207,0.9672,0.0496,0.1068,0.024692,0.035
694,0.504,-0.0962,1.2216,0.9682,0.0503,0.1069,0.02461,0.035
695,0.502,-0.0976,1.2204,0.9668,0.0501,0.1082,0.023998,0.035
696,0.4991,-0.0957,1.2205,0.9661,0.0497,0.1069,0.023677,0.035
697,0.4975,-0.0931,1.2221,0.9671,0.0497,0.1042,0.023845,0.035
698,0.4971,-0.0938,1.223,0.9679,0.0503,0.1041,0.023711,0.035
699,0.495,-0.0949,1.222,0.9666,0.0501,0.1052,0.023177,0.035
700,0.4921,-0.0933,1.2221,0.966,0.0498,0.1042,0.022855,0.035
701,0.4903,-0.091,1.2234,0.9667,0.0497,0.1019,0.022849,0.035
702,0.4893,-0.0909,1.2241,0.9671,0.0502,0.1014,0.022664,0.035
703,0.4874,-0.0916,1.2233,0.9661,0.0502,0.102,0.022232,0.035
704,0.4848,-0.0905,1.2231,0.9653,0.0499,0.1013,0.021927,0.035
705,0.483,-0.0888,1.2239,0.9656,0.0498,0.0997,0.021775,0.035
706,0.4816,-0.0882,1.2243,0.9657,0.0501,0.0988,0.021578,0.035
707,0.48,-0.0883,1.2239,0.965,0.0502,0.0988,0.021253,0.035
708,0.4779,-0.0878,1.2235,0.9641,0.05,0.0984,0.020996,0.035
709,0.4762,-0.0868,1.2238,0.964,0.0499,0.0973,0.020825,0.035
710,0.4749,-0.086,1.2242,0.9641,0.05,0.0963,0.02064,0.035
711,0.4734,-0.0857,1.2242,0.9639,0.0501,0.0957,0.020411,0.035
712,0.4718,-0.0853,1.224,0.9633,0.05,0.0953,0.020213,0.035
713,0.4703,-0.0849,1.2241,0.9631,0.0499,0.0946,0.020079,0.035
714,0.469,-0.0843,1.2245,0.9632,0.0498,0.0938,0.01997,0.035
715,0.4678,-0.0838,1.225,0.9634,0.0498,0.0929,0.019841,0.035
716,0.4665,-0.0833,1.2253,0.9634,0.0498,0.0923,0.019696,0.035
717,0.465,-0.0829,1.2255,0.9634,0.0498,0.0916,0.01956,0.035
718,0.4636,-0.0824,1.2259,0.9634,0.0497,0.0909,0.019441,0.035
719,0.4623,-0.0818,1.2263,0.9636,0.0497,0.0901,0.01933,0.035
720,0.4609,-0.0813,1.2268,0.9638,0.0497,0.0893,0.019213,0.035
721,0.4595,-0.0807,1.2272,0.964,0.0497,0.0885,0.01909,0.035
722,0.4581,-0.0802,1.2277,0.9641,0.0498,0.0877,0.018966,0.035
723,0.4567,-0.0796,1.2281,0.9642,0.0498,0.087,0.018846,0.035
724,0.4552,-0.079,1.2285,0.9644,0.0498,0.0862,0.01873,0.035
725,0.4538,-0.0784,1.229,0.9646,0.0499,0.0854,0.018615,0.035
726,0.4523,-0.0778,1.2295,0.9647,0.0499,0.0846,0.0185,0.035
727,0.4509,-0.0771,1.2299,0.9649,0.0499,0.0838,0.018385,0.035
728,0.4495,-0.0765,1.2303,0.9651,0.0499,0.083,0.018272,0.035
729,0.4481,-0.0759,1.2308,0.9652,0.05,0.0822,0.01816,0.035
730,0.4466,-0.0752,1.2312,0.9654,0.05,0.0814,0.01805,0.035
731,0.4452,-0.0746,1.2316,0.9655,0.05,0.0806,0.017942,0.035
732,0.4438,-0.0739,1.2321,0.9657,0.05,0.0798,0.017835,0.035
733,0.4424,-0.0733,1.2325,0.9659,0.05,0.0789,0.017729,0.035
734,0.4411,-0.0726,1.2329,0.966,0.05,0.0781,0.017625,0.035
735,0.4397,-0.072,1.2333,0.9662,0.05,0.0773,0.017521,0.035
736,0.4383,-0.0713,1.2337,0.9663,0.05,0.0765,0.017419,0.035
737,0.4369,-0.0707,1.2341,0.9665,0.05,0.0757,0.017317,0.035
738,0.4355,-0.07,1.2345,0.9667,0.05,0.0748,0.017217,0.035
739,0.4341,-0.0693,1.2349,0.9668,0.05,0.074,0.017117,0.035
740,0.4328,-0.0687,1.2353,0.967,0.05,0.0732,0.017018,0.035
741,0.4314,-0.068,1.2357,0.9671,0.05,0.0724,0.01692,0.035
742,0.43,-0.0673,1.2361,0.9673,0.05,0.0716,0.016822,0.035
743,0.4286,-0.0666,1.2365,0.9674,0.05,0.0708,0.016725,0.035
744,0.4272,-0.066,1.2369,0.9676,0.05,0.07,0.016628,0.035
745,0.4258,-0.0653,1.2373,0.9677,0.05,0.0692,0.016532,0.035
746,0.4244,-0.0646,1.2376,0.9679,0.05,0.0684,0.016436,0.035
747,0.423,-0.0639,1.238,0.968,0.05,0.0676,0.016341,0.035
748,0.4215,-0.0632,1.2384,0.9681,0.05,0.0668,0.016246,0.035
749,0.4201,-0.0625,1.2388,0.9683,0.05,0.0661,0.016152,0.035
750,0.4187,-0.0618,1.2391,0.9684,0.05,0.0653,0.016058,0.035
751,0.4172,-0.0612,1.2395,0.9685,0.05,0.0645,0.015964,0.035
752,0.4158,-0.0605,1.2398,0.9687,0.05,0.0638,0.015871,0.035
753,0.4143,-0.0598,1.2402,0.9688,0.05,0.063,0.015777,0.035
754,0.4129,-0.0591,1.2405,0.9689,0.05,0.0623,0.015684,0.035
755,0.4114,-0.0584,1.2408,0.969,0.05,0.0615,0.015592,0.035
756,0.41,-0.0577,1.2411,0.9691,0.05,0.0608,0.015499,0.035
757,0.4085,-0.057,1.2415,0.9692,0.05,0.0601,0.015406,0.035
758,0.407,-0.0564,1.2418,0.9694,0.05,0.0594,0.015314,0.035
759,0.4055,-0.0557,1.2421,0.9695,0.05,0.0586,0.015222,0.035
760,0.404,-0.055,1.2424,0.9695,0.05,0.0579,0.01513,0.035
761,0.4025,-0.0543,1.2427,0.9696,0.05,0.0572,0.015037,0.035
762,0.401,-0.0537,1.243,0.9697,0.05,0.0566,0.014945,0.035
763,0.3994,-0.053,1.2432,0.9698,0.05,0.0559,0.014854,0.035
764,0.3979,-0.0523,1.2435,0.9699,0.05,0.0552,0.014762,0.035
765,0.3964,-0.0517,1.2438,0.97,0.05,0.0546,0.01467,0.035
766,0.3948,-0.051,1.2441,0.9701,0.05,0.0539,0.014579,0.035
767,0.3933,-0.0503,1.2443,0.9701,0.05,0.0533,0.014488,0.035
768,0.3917,-0.0497,1.2446,0.9702,0.05,0.0526,0.014397,0.035
769,0.3901,-0.049,1.2448,0.9703,0.05,0.052,0.014306,0.035
770,0.3885,-0.0484,1.2451,0.9703,0.05,0.0514,0.014216,0.035
771,0.387,-0.0478,1.2453,0.9704,0.05,0.0508,0.014126,0.035
772,0.3854,-0.0471,1.2455,0.9704,0.05,0.0502,0.014036,0.035
773,0.3838,-0.0465,1.2457,0.9705,0.05,0.0496,0.013947,0.035
774,0.3822,-0.0459,1.246,0.9705,0.05,0.049,0.013858,0.035
775,0.3806,-0.0452,1.2462,0.9706,0.05,0.0485,0.013769,0.035
776,0.3789,-0.0446,1.2464,0.9706,0.05,0.0479,0.013681,0.035
777,0.3773,-0.044,1.2466,0.9707,0.05,0.0473,0.013594,0.035
778,0.3757,-0.0434,1.2468,0.9707,0.05,0.0468,0.013506,0.035
779,0.3741,-0.0428,1.247,0.9707,0.05,0.0463,0.01342,0.035
780,0.3724,-0.0422,1.2471,0.9708,0.05,0.0457,0.013334,0.035
781,0.3708,-0.0417,1.2473,0.9708,0.05,0.0452,0.013248,0.035
782,0.3692,-0.0411,1.2475,0.9708,0.05,0.0447,0.013162,0.035
783,0.3676,-0.0405,1.2477,0.9709,0.05,0.0442,0.013077,0.035
784,0.3659,-0.04,1.2478,0.9709,0.05,0.0438,0.012993,0.035
785,0.3643,-0.0394,1.248,0.9709,0.05,0.0433,0.012909,0.035
786,0.3627,-0.0389,1.2481,0.9709,0.05,0.0428,0.012825,0.035
787,0.3611,-0.0383,1.2483,0.971,0.05,0.0424,0.012741,0.035
788,0.3594,-0.0378,1.2484,0.971,0.05,0.042,0.012658,0.035
789,0.3578,-0.0373,1.2486,0.971,0.05,0.0415,0.012575,0.035
790,0.3562,-0.0368,1.2487,0.971,0.05,0.0411,0.012493,0.035
791,0.3546,-0.0363,1.2488,0.971,0.05,0.0407,0.01241,0.035
792,0.353,-0.0358,1.2489,0.971,0.05,0.0403,0.012328,0.035
793,0.3514,-0.0353,1.2491,0.9711,0.05,0.04,0.012247,0.035
794,0.3498,-0.0349,1.2492,0.9711,0.05,0.0396,0.012165,0.035
795,0.3482,-0.0344,1.2493,0.9711,0.05,0.0393,0.012084,0.035
796,0.3466,-0.034,1.2494,0.9711,0.05,0.0389,0.012003,0.035
797,0.3451,-0.0335,1.2495,0.9711,0.05,0.0386,0.011922,0.035
798,0.3435,-0.0331,1.2496,0.9711,0.05,0.0383,0.011842,0.035
799,0.342,-0.0327,1.2497,0.9711,0.05,0.038,0.011762,0.035
800,0.3405,-0.0323,1.2497,0.9711,0.05,0.0378,0.011683,0.035
801,0.3389,-0.0319,1.2498,0.9711,0.05,0.0375,0.011604,0.035
802,0.3374,-0.0316,1.2499,0.9711,0.05,0.0373,0.011521,0.035
803,0.3359,-0.0312,1.25,0.9711,0.0499,0.0371,0.011434,0.035
804,0.3344,-0.031,1.25,0.9711,0.0497,0.037,0.011345,0.035
805,0.3328,-0.0308,1.2501,0.9711,0.0496,0.0369,0.011256,0.035
806,0.3312,-0.0307,1.2502,0.9711,0.0495,0.0369,0.011168,0.035
807,0.3295,-0.0306,1.2502,0.9712,0.0494,0.0369,0.011079,0.035
808,0.3278,-0.0306,1.2503,0.9712,0.0494,0.037,0.01099,0.035
809,0.326,-0.0306,1.2503,0.9712,0.0494,0.0371,0.010898,0.035
810,0.3242,-0.0307,1.2504,0.9712,0.0494,0.0372,0.010804,0.035
811,0.3222,-0.0308,1.2504,0.9712,0.0495,0.0373,0.010707,0.035
812,0.3202,-0.0309,1.2505,0.9712,0.0495,0.0374,0.010606,0.035
813,0.3182,-0.031,1.2505,0.9712,0.0495,0.0375,0.010501,0.035
814,0.3161,-0.0311,1.2505,0.9712,0.0496,0.0376,0.010393,0.035
815,0.3139,-0.0312,1.2506,0.9712,0.0496,0.0377,0.010282,0.035
816,0.3117,-0.0312,1.2506,0.9712,0.0496,0.0377,0.01017,0.035
817,0.3094,-0.0313,1.2506,0.9712,0.0496,0.0377,0.010057,0.035
818,0.3071,-0.0313,1.2507,0.9712,0.0496,0.0377,0.009945,0.035
819,0.3047,-0.0312,1.2507,0.9712,0.0496,0.0376,0.009837,0.035
820,0.3024,-0.0311,1.2507,0.9712,0.0496,0.0375,0.009734,0.035
821,0.3,-0.031,1.2507,0.9712,0.0496,0.0374,0.009638,0.035
822,0.2977,-0.0309,1.2508,0.9713,0.0496,0.0372,0.009552,0.035
823,0.2953,-0.0307,1.2508,0.9713,0.0496,0.037,0.00948,0.035
824,0.293,-0.0305,1.2508,0.9713,0.0497,0.0368,0.009426,0.035
825,0.2907,-0.0302,1.2508,0.9713,0.0498,0.0366,0.009389,0.035
826,0.2884,-0.03,1.2508,0.9714,0.05,0.0364,0.00937,0.035
827,0.2863,-0.0297,1.2508,0.9714,0.05,0.0362,0.009374,0.035
828,0.2842,-0.0295,1.2509,0.9714,0.05,0.036,0.009404,0.035
829,0.2822,-0.0293,1.2509,0.9715,0.0501,0.0358,0.00946,0.035
830,0.2803,-0.0291,1.2509,0.9715,0.0501,0.0357,0.009541,0.035
831,0.2784,-0.0291,1.2509,0.9716,0.0501,0.0357,0.00965,0.035
832,0.2766,-0.0291,1.2509,0.9716,0.05,0.0357,0.009784,0.035
833,0.2748,-0.0292,1.2509,0.9717,0.05,0.0359,0.009939,0.035
834,0.273,-0.0294,1.2509,0.9717,0.0499,0.036,0.010117,0.035
835,0.2713,-0.0297,1.2509,0.9718,0.0499,0.0363,0.010314,0.035
836,0.2695,-0.0301,1.2509,0.9718,0.0499,0.0366,0.010526,0.035
837,0.2677,-0.0306,1.2508,0.9718,0.0498,0.037,0.010753,0.035
838,0.2658,-0.0312,1.2508,0.9719,0.0498,0.0375,0.010994,0.035
839,0.2639,-0.0318,1.2507,0.9719,0.0498,0.038,0.011244,0.035
840,0.2619,-0.0325,1.2506,0.9719,0.0497,0.0385,0.0115,0.035
841,0.2598,-0.0333,1.2505,0.9719,0.0497,0.0391,0.011762,0.035
842,0.2576,-0.034,1.2504,0.9719,0.0496,0.0395,0.012014,0.035
843,0.2554,-0.0348,1.2502,0.9718,0.0494,0.0401,0.012238,0.035
844,0.2533,-0.0355,1.25,0.9718,0.0491,0.0407,0.012431,0.035
845,0.2511,-0.0362,1.2498,0.9717,0.049,0.0413,0.012589,0.035
846,0.2489,-0.0366,1.2496,0.9716,0.0491,0.0419,0.012713,0.035
847,0.2467,-0.0369,1.2494,0.9715,0.0492,0.0425,0.012808,0.035
848,0.2445,-0.037,1.2491,0.9714,0.0492,0.043,0.012885,0.035
849,0.2422,-0.0367,1.2489,0.9713,0.0494,0.0433,0.012949,0.035
850,0.2399,-0.0363,1.2487,0.9713,0.0496,0.0436,0.012998,0.035
851,0.2377,-0.0355,1.2485,0.9712,0.0497,0.0438,0.013036,0.035
852,0.2356,-0.0345,1.2483,0.9711,0.0497,0.0438,0.013067,0.035
853,0.2335,-0.0332,1.2481,0.971,0.0497,0.0438,0.013091,0.035
854,0.2314,-0.0317,1.248,0.9709,0.0498,0.0437,0.013105,0.035
855,0.2295,-0.0299,1.2478,0.9709,0.0499,0.0435,0.013109,0.035
856,0.2277,-0.028,1.2477,0.9708,0.0498,0.0433,0.013108,0.035
857,0.226,-0.0259,1.2475,0.9707,0.0498,0.043,0.0131,0.035
858,0.2244,-0.0236,1.2474,0.9707,0.0498,0.0428,0.013085,0.035
859,0.223,-0.0213,1.2473,0.9706,0.0499,0.0426,0.013061,0.035
860,0.2217,-0.0188,1.2472,0.9705,0.0498,0.0424,0.013031,0.035
861,0.2205,-0.0161,1.2471,0.9705,0.0498,0.0422,0.012997,0.035
862,0.2194,-0.0134,1.247,0.9704,0.0498,0.0422,0.012956,0.035
863,0.2185,-0.0106,1.2469,0.9704,0.0498,0.0421,0.012908,0.035
864,0.2178,-0.0078,1.2468,0.9703,0.0498,0.0422,0.012854,0.035
865,0.2171,-0.0049,1.2467,0.9703,0.0498,0.0422,0.012798,0.035
866,0.2167,-0.0019,1.2467,0.9703,0.0498,0.0424,0.012735,0.035
867,0.2164,0.0011,1.2466,0.9702,0.0499,0.0426,0.012665,0.035
868,0.2163,0.0042,1.2465,0.9702,0.0498,0.0428,0.012592,0.035
869,0.2165,0.0073,1.2465,0.9701,0.0498,0.0431,0.012516,0.035
870,0.2168,0.0104,1.2465,0.9701,0.0499,0.0435,0.012436,0.035
871,0.2173,0.0135,1.2465,0.9701,0.0499,0.0439,0.01235,0.035
872,0.218,0.0166,1.2465,0.9701,0.0498,0.0443,0.012263,0.035
873,0.219,0.0197,1.2465,0.9701,0.0498,0.0447,0.012178,0.035
874,0.2201,0.0227,1.2465,0.9701,0.0497,0.0453,0.012092,0.035
875,0.2215,0.0257,1.2465,0.9701,0.0498,0.0458,0.012007,0.035
876,0.2231,0.0287,1.2466,0.9701,0.0499,0.0464,0.011927,0.035
877,0.2248,0.0316,1.2466,0.9701,0.05,0.0472,0.011855,0.035
878,0.2267,0.0345,1.2467,0.9701,0.0501,0.048,0.011788,0.035
879,0.2289,0.0374,1.2467,0.9701,0.0501,0.0489,0.011722,0.035
880,0.2311,0.0401,1.2468,0.9701,0.0501,0.0499,0.011659,0.035
881,0.2335,0.0426,1.2469,0.9701,0.0501,0.0508,0.011601,0.035
882,0.236,0.0448,1.2469,0.9701,0.0501,0.0518,0.011546,0.035
883,0.2384,0.0469,1.247,0.9701,0.0501,0.0527,0.011497,0.035
884,0.2409,0.0486,1.2471,0.9701,0.0501,0.0536,0.011454,0.035
885,0.2433,0.0502,1.2472,0.9702,0.0501,0.0544,0.011418,0.035
886,0.2457,0.0515,1.2473,0.9702,0.0501,0.0552,0.011388,0.035
887,0.2479,0.0527,1.2474,0.9702,0.0501,0.0559,0.011364,0.035
888,0.25,0.0536,1.2475,0.9702,0.0501,0.0566,0.011348,0.035
889,0.2519,0.0545,1.2476,0.9703,0.0501,0.0573,0.011339,0.035
890,0.2537,0.0552,1.2476,0.9703,0.0501,0.0579,0.011336,0.035
891,0.2552,0.0558,1.2477,0.9703,0.0501,0.0585,0.011339,0.035
892,0.2566,0.0564,1.2477,0.9703,0.0501,0.059,0.011348,0.035
893,0.2578,0.0569,1.2478,0.9703,0.0501,0.0595,0.011362,0.035
894,0.2588,0.0573,1.2478,0.9704,0.0501,0.06,0.01138,0.035
895,0.2596,0.0577,1.2478,0.9704,0.0501,0.0604,0.0114,0.035
896,0.2602,0.0581,1.2478,0.9704,0.0501,0.0609,0.011423,0.035
897,0.2608,0.0585,1.2478,0.9703,0.05,0.0612,0.011448,0.035
898,0.2611,0.0588,1.2478,0.9703,0.05,0.0616,0.011472,0.035
899,0.2614,0.0591,1.2478,0.9703,0.05,0.0619,0.011496,0.035
900,0.2616,0.0594,1.2477,0.9703,0.05,0.0622,0.011519,0.035
901,0.2618,0.0597,1.2477,0.9703,0.05,0.0625,0.011541,0.035
902,0.2618,0.06,1.2477,0.9703,0.05,0.0627,0.011561,0.035
903,0.2619,0.0602,1.2477,0.9703,0.05,0.063,0.011578,0.035
904,0.2619,0.0604,1.2476,0.9703,0.05,0.0632,0.011593,0.035
905,0.262,0.0606,1.2476,0.9703,0.05,0.0634,0.011606,0.035
906,0.262,0.0608,1.2476,0.9703,0.05,0.0635,0.011616,0.035
907,0.262,0.0609,1.2476,0.9703,0.05,0.0637,0.011624,0.035
908,0.2621,0.0611,1.2476,0.9702,0.05,0.0638,0.01163,0.035
909,0.2622,0.0612,1.2476,0.9702,0.05,0.0639,0.011634,0.035
910,0.2623,0.0613,1.2476,0.9702,0.05,0.064,0.011636,0.035
911,0.2624,0.0613,1.2476,0.9702,0.05,0.0641,0.011637,0.035
912,0.2625,0.0614,1.2476,0.9702,0.05,0.0641,0.011637,0.035
913,0.2626,0.0614,1.2476,0.9702,0.05,0.0642,0.011637,0.035
914,0.2628,0.0614,1.2476,0.9702,0.05,0.0642,0.011636,0.035
915,0.2629,0.0614,1.2476,0.9702,0.05,0.0642,0.011635,0.035
916,0.263,0.0615,1.2476,0.9702,0.05,0.0643,0.011634,0.035
917,0.2632,0.0615,1.2476,0.9703,0.05,0.0643,0.011633,0.035
918,0.2633,0.0615,1.2476,0.9703,0.05,0.0643,0.011633,0.035
919,0.2634,0.0615,1.2476,0.9703,0.05,0.0643,0.011633,0.035
920,0.2635,0.0615,1.2476,0.9703,0.05,0.0643,0.011633,0.035
921,0.2635,0.0615,1.2476,0.9703,0.05,0.0644,0.011634,0.035
922,0.2636,0.0615,1.2476,0.9703,0.05,0.0644,0.011635,0.035
923,0.2636,0.0615,1.2476,0.9703,0.05,0.0644,0.011637,0.035
924,0.2637,0.0615,1.2476,0.9703,0.05,0.0644,0.011639,0.035
925,0.2637,0.0615,1.2476,0.9703,0.05,0.0644,0.011641,0.035
926,0.2637,0.0615,1.2476,0.9703,0.05,0.0644,0.011643,0.035
927,0.2637,0.0616,1.2476,0.9703,0.05,0.0644,0.011645,0.035
928,0.2637,0.0616,1.2476,0.9703,0.05,0.0645,0.011647,0.035
929,0.2636,0.0616,1.2476,0.9703,0.05,0.0645,0.011649,0.035
930,0.2636,0.0616,1.2476,0.9703,0.05,0.0645,0.01165,0.035
931,0.2636,0.0616,1.2476,0.9703,0.05,0.0645,0.011652,0.035
932,0.2636,0.0616,1.2476,0.9702,0.05,0.0645,0.011653,0.035
933,0.2636,0.0617,1.2476,0.9702,0.05,0.0645,0.011654,0.035
934,0.2636,0.0617,1.2476,0.9702,0.05,0.0645,0.011654,0.035
935,0.2636,0.0617,1.2476,0.9702,0.05,0.0645,0.011655,0.035
936,0.2635,0.0617,1.2476,0.9702,0.05,0.0645,0.011655,0.035
937,0.2635,0.0617,1.2476,0.9702,0.05,0.0646,0.011655,0.035
938,0.2635,0.0617,1.2476,0.9702,0.05,0.0646,0.011655,0.035
939,0.2636,0.0617,1.2476,0.9702,0.05,0.0646,0.011654,0.035
940,0.2636,0.0617,1.2476,0.9702,0.05,0.0646,0.011654,0.035
941,0.2636,0.0617,1.2476,0.9702,0.05,0.0646,0.011653,0.035
942,0.2636,0.0617,1.2476,0.9702,0.05,0.0646,0.011653,0.035
943,0.2636,0.0617,1.2476,0.9702,0.05,0.0646,0.011653,0.035
944,0.2636,0.0617,1.2476,0.9702,0.05,0.0646,0.011652,0.035
945,0.2636,0.0617,1.2476,0.9702,0.05,0.0646,0.011652,0.035
946,0.2636,0.0617,1.2476,0.9702,0.05,0.0646,0.011652,0.035
947,0.2637,0.0617,1.2476,0.9702,0.05,0.0646,0.011652,0.035
948,0.2637,0.0617,1.2476,0.9702,0.05,0.0646,0.011652,0.035
949,0.2637,0.0617,1.2476,0.9702,0.05,0.0646,0.011652,0.035
950,0.2637,0.0617,1.2476,0.9703,0.05,0.0646,0.011652,0.035
951,0.2637,0.0617,1.2476,0.9703,0.05,0.0646,0.011652,0.035
952,0.2637,0.0617,1.2476,0.9703,0.05,0.0646,0.011652,0.035
953,0.2637,0.0617,1.2476,0.9702,0.05,0.0646,0.011652,0.035
954,0.2637,0.0617,1.2476,0.9702,0.05,0.0646,0.011652,0.035
955,0.2637,0.0617,1.2476,0.9702,0.05,0.0646,0.011653,0.035
956,0.2637,0.0617,1.2476,0.9702,0.05,0.0646,0.011653,0.035
957,0.2637,0.0617,1.2476,0.9702,0.05,0.0646,0.011653,0.035
958,0.2637,0.0617,1.2476,0.9702,0.05,0.0646,0.011653,0.035
959,0.2637,0.0617,1.2476,0.9702,0.05,0.0646,0.011653,0.035
960,0.2636,0.0617,1.2476,0.9702,0.05,0.0646,0.011654,0.035
961,0.2636,0.0617,1.2476,0.9702,0.05,0.0646,0.011654,0.035
962,0.2636,0.0617,1.2476,0.9702,0.05,0.0646,0.011654,0.035
963,0.2636,0.0617,1.2476,0.9702,0.05,0.0646,0.011654,0.035
964,0.2636,0.0617,1.2476,0.9702,0.05,0.0646,0.011654,0.035
965,0.2636,0.0617,1.2476,0.9702,0.05,0.0646,0.011654,0.035
966,0.2636,0.0617,1.2476,0.9702,0.05,0.0646,0.011654,0.035
967,0.2636,0.0617,1.2476,0.9702,0.05,0.0646,0.011653,0.035
968,0.2636,0.0617,1.2476,0.9702,0.05,0.0646,0.011653,0.035
969,0.2636,0.0617,1.2476,0.9702,0.05,0.0646,0.011653,0.035
970,0.2636,0.0617,1.2476,0.9702,0.05,0.0646,0.011653,0.035
971,0.2636,0.0617,1.2476,0.9702,0.05,0.0646,0.011653,0.035
972,0.2637,0.0617,1.2476,0.9702,0.05,0.0646,0.011653,0.035
973,0.2637,0.0617,1.2476,0.9702,0.05,0.0646,0.011653,0.035
974,0.2637,0.0617,1.2476,0.9702,0.05,0.0646,0.011653,0.035
975,0.2637,0.0617,1.2476,0.9702,0.05,0.0646,0.011653,0.035
976,0.2637,0.0617,1.2476,0.9702,0.05,0.0646,0.011653,0.035
977,0.2637,0.0617,1.2476,0.9702,0.05,0.0646,0.011653,0.035
978,0.2637,0.0617,1.2476,0.9702,0.05,0.0646,0.011653,0.035
979,0.2637,0.0617,1.2476,0.9702,0.05,0.0646,0.011653,0.035
980,0.2637,0.0617,1.2476,0.9702,0.05,0.0646,0.011653,0.035
981,0.2637,0.0617,1.2476,0.9702,0.05,0.0646,0.011653,0.035
982,0.2637,0.0617,1.2476,0.9702,0.05,0.0646,0.011653,0.035
983,0.2637,0.0617,1.2476,0.9702,0.05,0.0646,0.011653,0.035
984,0.2637,0.0617,1.2476,0.9702,0.05,0.0646,0.011653,0.035
985,0.2637,0.0617,1.2476,0.9702,0.05,0.0646,0.011653,0.035
986,0.2637,0.0617,1.2476,0.9702,0.05,0.0646,0.011653,0.035
987,0.2637,0.0617,1.2476,0.9702,0.05,0.0646,0.011653,0.035
988,0.2637,0.0617,1.2476,0.9702,0.05,0.0646,0.011653,0.035
989,0.2637,0.0617,1.2476,0.9702,0.05,0.0646,0.011653,0.035
990,0.2637,0.0617,1.2476,0.9702,0.05,0.0646,0.011653,0.035
991,0.2637,0.0617,1.2476,0.9702,0.05,0.0646,0.011653,0.035
992,0.2637,0.0617,1.2476,0.9702,0.05,0.0646,0.011653,0.035
993,0.2637,0.0617,1.2476,0.9702,0.05,0.0646,0.011653,0.035
994,0.2637,0.0617,1.2476,0.9702,0.05,0.0646,0.011653,0.035
995,0.2637,0.0617,1.2476,0.9702,0.05,0.0646,0.011653,0.035
996,0.2637,0.0617,1.2476,0.9702,0.05,0.0646,0.011653,0.035
997,0.2637,0.0617,1.2476,0.9702,0.05,0.0646,0.011653,0.035
998,0.2637,0.0617,1.2476,0.9702,0.05,0.0646,0.011653,0.035
999,0.2637,0.0617,1.2476,0.9702,0.05,0.0646,0.011653,0.035
1000,0.2637,0.0617,1.2476,0.9702,0.05,0.0646,0.011653,0.035
1001,0.2637,0.0617,1.2476,0.9702,0.05,0.0646,0.011653,0.035
1002,0.2637,0.0617,1.2476,0.9702,0.05,0.0646,0.011653,0.035
1003,0.2637,0.0617,1.2476,0.9702,0.05,0.0646,0.011653,0.035
1004,0.2637,0.0617,1.2476,0.9702,0.05,0.0646,0.011653,0.035
1005,0.2637,0.0617,1.2476,0.9702,0.05,0.0646,0.011653,0.035
1006,0.2637,0.0617,1.2476,0.9702,0.05,0.0646,0.011653,0.035
1007,0.2637,0.0617,1.2476,0.9702,0.05,0.0646,0.011653,0.035
1008,0.2637,0.0617,1.2476,0.9702,0.05,0.0646,0.011653,0.035
1009,0.2637,0.0617,1.2476,0.9702,0.05,0.0646,0.011653,0.035
1010,0.2637,0.0617,1.2476,0.9702,0.05,0.0646,0.011653,0.035
1011,0.2637,0.0617,1.2476,0.9702,0.05,0.0646,0.011653,0.035
1012,0.2637,0.0617,1.2476,0.9702,0.05,0.0646,0.011653,0.035
1013,0.2637,0.0617,1.2476,0.9702,0.05,0.0646,0.011653,0.035
1014,0.2637,0.0617,1.2476,0.9702,0.05,0.0646,0.011653,0.035
1015,0.2637,0.0617,1.2476,0.9702,0.05,0.0646,0.011653,0.035
1016,0.2637,0.0617,1.2476,0.9702,0.05,0.0646,0.011653,0.035
1017,0.2637,0.0617,1.2476,0.9702,0.05,0.0646,0.011653,0.035
1018,0.2637,0.0617,1.2476,0.9702,0.05,0.0646,0.011653,0.035
1019,0.2637,0.0617,1.2476,0.9702,0.05,0.0646,0.011653,0.035
1020,0.2637,0.0617,1.2476,0.9702,0.05,0.0646,0.011653,0.035
1021,0.2637,0.0617,1.2476,0.9702,0.05,0.0646,0.011653,0.035
1022,0.2637,0.0617,1.2476,0.9702,0.05,0.0646,0.011653,0.035
1023,0.2637,0.0617,1.2476,0.9702,0.05,0.0646,0.011653,0.035
1024,0.2637,0.0617,1.2476,0.9702,0.05,0.0646,0.011653,0.035
1025,0.2637,0.0617,1.2476,0.9702,0.05,0.0646,0.011653,0.035
1026,0.2637,0.0617,1.2476,0.9702,0.05,0.0646,0.011653,0.035
1027,0.2637,0.0617,1.2476,0.9702,0.05,0.0646,0.011653,0.035
1028,0.2637,0.0617,1.2476,0.9702,0.05,0.0646,0.011653,0.035
1029,0.2637,0.0617,1.2476,0.9702,0.05,0.0646,0.011653,0.035
1030,0.2637,0.0617,1.2476,0.9702,0.05,0.0646,0.011653,0.035
1031,0.2637,0.0617,1.2476,0.9702,0.05,0.0646,0.011653,0.035
1032,0.2637,0.0617,1.2476,0.9702,0.05,0.0646,0.011653,0.035
1033,0.2637,0.0617,1.2476,0.9702,0.05,0.0646,0.011653,0.035
1034,0.2637,0.0617,1.2476,0.9702,0.05,0.0646,0.011653,0.035
1035,0.2637,0.0617,1.2476,0.9702,0.05,0.0646,0.011653,0.035
1036,0.2637,0.0617,1.2476,0.9702,0.05,0.0646,0.011653,0.035
1037,0.2637,0.0617,1.2476,0.9702,0.05,0.0646,0.011653,0.035
1038,0.2637,0.0617,1.2476,0.9702,0.05,0.0646,0.011653,0.035
1039,0.2637,0.0617,1.2476,0.9702,0.05,0.0646,0.011653,0.035
1040,0.2637,0.0617,1.2476,0.9702,0.05,0.0646,0.011653,0.035
1041,0.2637,0.0617,1.2476,0.9702,0.05,0.0646,0.011653,0.035
1042,0.2637,0.0617,1.2476,0.9702,0.05,0.0646,0.011653,0.035
1043,0.2637,0.0617,1.2476,0.9702,0.05,0.0646,0.011653,0.035
1044,0.2637,0.0617,1.2476,0.9702,0.05,0.0646,0.011653,0.035
1045,0.2637,0.0617,1.2476,0.9702,0.05,0.0646,0.011653,0.035
1046,0.2637,0.0617,1.2476,0.9702,0.05,0.0646,0.011653,0.035
1047,0.2637,0.0617,1.2476,0.9702,0.05,0.0646,0.011653,0.035
1048,0.2637,0.0617,1.2476,0.9702,0.05,0.0646,0.011653,0.035
1049,0.2637,0.0617,1.2476,0.9702,0.05,0.0646,0.011653,0.035
1050,0.2637,0.0617,1.2476,0.9702,0.05,0.0646,0.011653,0.035
1051,0.2637,0.0617,1.2476,0.9702,0.05,0.0646,0.011653,0.035
1052,0.2637,0.0617,1.2476,0.9702,0.05,0.0646,0.011653,0.035
1053,0.2637,0.0617,1.2476,0.9702,0.05,0.0646,0.011653,0.035
1054,0.2637,0.0617,1.2476,0.9702,0.05,0.0646,0.011653,0.035
1055,0.2637,0.0617,1.2476,0.9702,0.05,0.0646,0.011653,0.035
1056,0.2637,0.0617,1.2476,0.9702,0.05,0.0646,0.011653,0.035
1057,0.2637,0.0617,1.2476,0.9702,0.05,0.0646,0.011653,0.035
1058,0.2637,0.0617,1.2476,0.9702,0.05,0.0646,0.011653,0.035
1059,0.2637,0.0617,1.2476,0.9702,0.05,0.0646,0.011653,0.035
1060,0.2637,0.0617,1.2476,0.9702,0.05,0.0646,0.011653,0.035
1061,0.2637,0.0617,1.2476,0.9702,0.05,0.0646,0.011653,0.035
1062,0.2637,0.0617,1.2476,0.9702,0.05,0.0646,0.011653,0.035
1063,0.2637,0.0617,1.2476,0.9702,0.05,0.0646,0.011653,0.035
1064,0.2637,0.0617,1.2476,0.9702,0.05,0.0646,0.011653,0.035
1065,0.2637,0.0617,1.2476,0.9702,0.05,0.0646,0.011653,0.035
1066,0.2637,0.0617,1.2476,0.9702,0.05,0.0646,0.011653,0.035
1067,0.2637,0.0617,1.2476,0.9702,0.05,0.0646,0.011653,0.035
1068,0.2637,0.0617,1.2476,0.9702,0.05,0.0646,0.011653,0.035
1069,0.2637,0.0617,1.2476,0.9702,0.05,0.0646,0.011653,0.035
1070,0.2637,0.0617,1.2476,0.9702,0.05,0.0646,0.011653,0.035
1071,0.2637,0.0617,1.2476,0.9702,0.05,0.0646,0.011653,0.035
1072,0.2637,0.0617,1.2476,0.9702,0.05,0.0646,0.011653,0.035
1073,0.2637,0.0617,1.2476,0.9702,0.05,0.0646,0.011653,0.035
1074,0.2637,0.0617,1.2476,0.9702,0.05,0.0646,0.011653,0.035
1075,0.2637,0.0617,1.2476,0.9702,0.05,0.0646,0.011653,0.035
1076,0.2637,0.0617,1.2476,0.9702,0.05,0.0646,0.011653,0.035
1077,0.2637,0.0617,1.2476,0.9702,0.05,0.0646,0.011653,0.035
1078,0.2637,0.0617,1.2476,0.9702,0.05,0.0646,0.011653,0.035
1079,0.2637,0.0617,1.2476,0.9702,0.05,0.0646,0.011653,0.035
1080,0.2637,0.0617,1.2476,0.9702,0.05,0.0646,0.011653,0.035
1081,0.2637,0.0617,1.2476,0.9702,0.05,0.0646,0.011653,0.035
1082,0.2637,0.0617,1.2476,0.9702,0.05,0.0646,0.011653,0.035
1083,0.2637,0.0617,1.2476,0.9702,0.05,0.0646,0.011653,0.035
1084,0.2637,0.0617,1.2476,0.9702,0.05,0.0646,0.011653,0.035
1085,0.2637,0.0617,1.2476,0.9702,0.05,0.0646,0.011653,0.035
1086,0.2637,0.0617,1.2476,0.9702,0.05,0.0646,0.011653,0.035
1087,0.2637,0.0617,1.2476,0.9702,0.05,0.0646,0.011653,0.035
1088,0.2637,0.0617,1.2476,0.9702,0.05,0.0646,0.011653,0.035
1089,0.2637,0.0617,1.2476,0.9702,0.05,0.0646,0.011653,0.035
1090,0.2637,0.0617,1.2476,0.9702,0.05,0.0646,0.011653,0.035
1091,0.2637,0.0617,1.2476,0.9702,0.05,0.0646,0.011653,0.035
1092,0.2637,0.0617,1.2476,0.9702,0.05,0.0646,0.011653,0.035
1093,0.2637,0.0617,1.2476,0.9702,0.05,0.0646,0.011653,0.035
1094,0.2637,0.0617,1.2476,0.9702,0.05,0.0646,0.011653,0.035
1095,0.2637,0.0617,1.2476,0.9702,0.05,0.0646,0.011653,0.035
1096,0.2637,0.0617,1.2476,0.9702,0.05,0.0646,0.011653,0.035
1097,0.2637,0.0617,1.2476,0.9702,0.05,0.0646,0.011653,0.035
1098,0.2637,0.0617,1.2476,0.9702,0.05,0.0646,0.011653,0.035
1099,0.2637,0.0617,1.2476,0.9702,0.05,0.0646,0.011653,0.035
1100,0.2637,0.0617,1.2476,0.9702,0.05,0.0646,0.011653,0.035
1101,0.2637,0.0617,1.2476,0.9702,0.05,0.0646,0.011653,0.035
1102,0.2637,0.0617,1.2476,0.9702,0.05,0.0646,0.011653,0.035
1103,0.2637,0.0617,1.2476,0.9702,0.05,0.0646,0.011653,0.035
1104,0.2637,0.0617,1.2476,0.9702,0.05,0.0646,0.011653,0.035
1105,0.2637,0.0617,1.2476,0.9702,0.05,0.0646,0.011653,0.035
1106,0.2637,0.0617,1.2476,0.9702,0.05,0.0646,0.011653,0.035
1107,0.2637,0.0617,1.2476,0.9702,0.05,0.0646,0.011653,0.035
1108,0.2637,0.0617,1.2476,0.9702,0.05,0.0646,0.011653,0.035
1109,0.2637,0.0617,1.2476,0.9702,0.05,0.0646,0.011653,0.035
1110,0.2637,0.0617,1.2476,0.9702,0.05,0.0646,0.011653,0.035
1111,0.2637,0.0617,1.2476,0.9702,0.05,0.0646,0.011653,0.035
1112,0.2637,0.0617,1.2476,0.9702,0.05,0.0646,0.011653,0.035
1113,0.2637,0.0617,1.2476,0.9702,0.05,0.0646,0.011653,0.035
1114,0.2637,0.0617,1.2476,0.9702,0.05,0.0646,0.011653,0.035
1115,0.2637,0.0617,1.2476,0.9702,0.05,0.0646,0.011653,0.035
1116,0.2637,0.0617,1.2476,0.9702,0.05,0.0646,0.011653,0.035
1117,0.2637,0.0617,1.2476,0.9702,0.05,0.0646,0.011653,0.035
1118,0.2637,0.0617,1.2476,0.9702,0.05,0.0646,0.011653,0.035
1119,0.2637,0.0617,1.2476,0.9702,0.05,0.0646,0.011653,0.035
1120,0.2637,0.0617,1.2476,0.9702,0.05,0.0646,0.011653,0.035
1121,0.2637,0.0617,1.2476,0.9702,0.05,0.0646,0.011653,0.035
1122,0.2637,0.0617,1.2476,0.9702,0.05,0.0646,0.011653,0.035
1123,0.2637,0.0617,1.2476,0.9702,0.05,0.0646,0.011653,0.035
1124,0.2637,0.0617,1.2476,0.9702,0.05,0.0646,0.011653,0.035
1125,0.2637,0.0617,1.2476,0.9702,0.05,0.0646,0.011653,0.035
1126,0.2637,0.0617,1.2476,0.9702,0.05,0.0646,0.011653,0.035
1127,0.2637,0.0617,1.2476,0.9702,0.05,0.0646,0.011653,0.035
1128,0.2637,0.0617,1.2476,0.9702,0.05,0.0646,0.011653,0.035
1129,0.2637,0.0617,1.2476,0.9702,0.05,0.0646,0.011653,0.035
1130,0.2637,0.0617,1.2476,0.9702,0.05,0.0646,0.011653,0.035
1131,0.2637,0.0617,1.2476,0.9702,0.05,0.0646,0.011653,0.035
1132,0.2637,0.0617,1.2476,0.9702,0.05,0.0646,0.011653,0.035
1133,0.2637,0.0617,1.2476,0.9702,0.05,0.0646,0.011653,0.035
1134,0.2637,0.0617,1.2476,0.9702,0.05,0.0646,0.011653,0.035
1135,0.2637,0.0617,1.2476,0.9702,0.05,0.0646,0.011653,0.035
1136,0.2637,0.0617,1.2476,0.9702,0.05,0.0646,0.011653,0.035
1137,0.2637,0.0617,1.2476,0.9702,0.05,0.0646,0.011653,0.035
1138,0.2637,0.0617,1.2476,0.9702,0.05,0.0646,0.011653,0.035
1139,0.2637,0.0617,1.2476,0.9702,0.05,0.0646,0.011653,0.035
1140,0.2637,0.0617,1.2476,0.9702,0.05,0.0646,0.011653,0.035
1141,0.2637,0.0617,1.2476,0.9702,0.05,0.0646,0.011653,0.035
1142,0.2637,0.0617,1.2476,0.9702,0.05,0.0646,0.011653,0.035
1143,0.2637,0.0617,1.2476,0.9702,0.05,0.0646,0.011653,0.035
1144,0.2637,0.0617,1.2476,0.9702,0.05,0.0646,0.011653,0.035
1145,0.2637,0.0617,1.2476,0.9702,0.05,0.0646,0.011653,0.035
1146,0.2637,0.0617,1.2476,0.9702,0.05,0.0646,0.011653,0.035
1147,0.2637,0.0617,1.2476,0.9702,0.05,0.0646,0.011653,0.035
1148,0.2637,0.0617,1.2476,0.9702,0.05,0.0646,0.011653,0.035
1149,0.2637,0.0617,1.2476,0.9702,0.05,0.0646,0.011653,0.035
1150,0.2637,0.0617,1.2476,0.9702,0.05,0.0646,0.011653,0.035
1151,0.2637,0.0617,1.2476,0.9702,0.05,0.0646,0.011653,0.035
1152,0.2637,0.0617,1.2476,0.9702,0.05,0.0646,0.011653,0.035
1153,0.2637,0.0617,1.2476,0.9702,0.05,0.0646,0.011653,0.035
1154,0.2637,0.0617,1.2476,0.9702,0.05,0.0646,0.011653,0.035
1155,0.2637,0.0617,1.2476,0.9702,0.05,0.0646,0.011653,0.035
1156,0.2637,0.0617,1.2476,0.9702,0.05,0.0646,0.011653,0.035
1157,0.2637,0.0617,1.2476,0.9702,0.05,0.0646,0.011653,0.035
1158,0.2637,0.0617,1.2476,0.9702,0.05,0.0646,0.011653,0.035
1159,0.2637,0.0617,1.2476,0.9702,0.05,0.0646,0.011653,0.035
1160,0.2637,0.0617,1.2476,0.9702,0.05,0.0646,0.011653,0.035
1161,0.2637,0.0617,1.2476,0.9702,0.05,0.0646,0.011653,0.035
1162,0.2637,0.0617,1.2476,0.9702,0.05,0.0646,0.011653,0.035
1163,0.2637,0.0617,1.2476,0.9702,0.05,0.0646,0.011653,0.035
1164,0.2637,0.0617,1.2476,0.9702,0.05,0.0646,0.011653,0.035
1165,0.2637,0.0617,1.2476,0.9702,0.05,0.0646,0.011653,0.035
1166,0.2637,0.0617,1.2476,0.9702,0.05,0.0646,0.011653,0.035
1167,0.2637,0.0617,1.2476,0.9702,0.05,0.0646,0.011653,0.035
1168,0.2637,0.0617,1.2476,0.9702,0.05,0.0646,0.011653,0.035
1169,0.2637,0.0617,1.2476,0.9702,0.05,0.0646,0.011653,0.035
1170,0.2637,0.0617,1.2476,0.9702,0.05,0.0646,0.011653,0.035
1171,0.2637,0.0617,1.2476,0.9702,0.05,0.0646,0.011653,0.035
1172,0.2637,0.0617,1.2476,0.9702,0.05,0.0646,0.011653,0.035
1173,0.2637,0.0617,1.2476,0.9702,0.05,0.0646,0.011653,0.035
1174,0.2637,0.0617,1.2476,0.9702,0.05,0.0646,0.011653,0.035
1175,0.2637,0.0617,1.2476,0.9702,0.05,0.0646,0.011653,0.035
1176,0.2637,0.0617,1.2476,0.9702,0.05,0.0646,0.011653,0.035
1177,0.2637,0.0617,1.2476,0.9702,0.05,0.0646,0.011653,0.035
1178,0.2637,0.0617,1.2476,0.9702,0.05,0.0646,0.011653,0.035
1179,0.2637,0.0617,1.2476,0.9702,0.05,0.0646,0.011653,0.035
1180,0.2637,0.0617,1.2476,0.9702,0.05,0.0646,0.011653,0.035
1181,0.2637,0.0617,1.2476,0.9702,0.05,0.0646,0.011653,0.035
1182,0.2637,0.0617,1.2476,0.9702,0.05,0.0646,0.011653,0.035
1183,0.2637,0.0617,1.2476,0.9702,0.05,0.0646,0.011653,0.035
1184,0.2637,0.0617,1.2476,0.9702,0.05,0.0646,0.011653,0.035
1185,0.2637,0.0617,1.2476,0.9702,0.05,0.0646,0.011653,0.035
1186,0.2637,0.0617,1.2476,0.9702,0.05,0.0646,0.011653,0.035
1187,0.2637,0.0617,1.2476,0.9702,0.05,0.0646,0.011653,0.035
1188,0.2637,0.0617,1.2476,0.9702,0.05,0.0646,0.011653,0.035
1189,0.2637,0.0617,1.2476,0.9702,0.05,0.0646,0.011653,0.035
1190,0.2637,0.0617,1.2476,0.9702,0.05,0.0646,0.011653,0.035
1191,0.2637,0.0617,1.2476,0.9702,0.05,0.0646,0.011653,0.035
1192,0.2637,0.0617,1.2476,0.9702,0.05,0.0646,0.011653,0.035
1193,0.2637,0.0617,1.2476,0.9702,0.05,0.0646,0.011653,0.035
1194,0.2637,0.0617,1.2476,0.9702,0.05,0.0646,0.011653,0.035
1195,0.2637,0.0617,1.2476,0.9702,0.05,0.0646,0.011653,0.035
1196,0.2637,0.0617,1.2476,0.9702,0.05,0.0646,0.011653,0.035
1197,0.2637,0.0617,1.2476,0.9702,0.05,0.0646,0.011653,0.035
1198,0.2637,0.0617,1.2476,0.9702,0.05,0.0646,0.011653,0.035
1199,0.2637,0.0617,1.2476,0.9702,0.05,0.0646,0.011653,0.035
1200,0.2637,0.0617,1.2476,0.9702,0.05,0.0646,0.011653,0.035
1201,0.2637,0.0617,1.2476,0.9702,0.05,0.0646,0.011653,0.035
1202,0.2637,0.0617,1.2476,0.9702,0.05,0.0646,0.011653,0.035
1203,0.2637,0.0617,1.2476,0.9702,0.05,0.0646,0.011653,0.035
1204,0.2637,0.0617,1.2476,0.9702,0.05,0.0646,0.011653,0.035
1205,0.2637,0.0617,1.2476,0.9702,0.05,0.0646,0.011653,0.035
1206,0.2637,0.0617,1.2476,0.9702,0.05,0.0646,0.011653,0.035
1207,0.2637,0.0617,1.2476,0.9702,0.05,0.0646,0.011653,0.035
1208,0.2637,0.0617,1.2476,0.9702,0.05,0.0646,0.011653,0.035
1209,0.2637,0.0617,1.2476,0.9702,0.05,0.0646,0.011653,0.035
1210,0.2637,0.0617,1.2476,0.9702,0.05,0.0646,0.011653,0.035
1211,0.2637,0.0617,1.2476,0.9702,0.05,0.0646,0.011653,0.035
1212,0.2637,0.0617,1.2476,0.9702,0.05,0.0646,0.011653,0.035
1213,0.2637,0.0617,1.2476,0.9702,0.05,0.0646,0.011653,0.035
1214,0.2637,0.0617,1.2476,0.9702,0.05,0.0646,0.011653,0.035
1215,0.2637,0.0617,1.2476,0.9702,0.05,0.0646,0.011653,0.035
1216,0.2637,0.0617,1.2476,0.9702,0.05,0.0646,0.011653,0.035
1217,0.2637,0.0617,1.2476,0.9702,0.05,0.0646,0.011653,0.035
1218,0.2637,0.0617,1.2476,0.9702,0.05,0.0646,0.011653,0.035
1219,0.2637,0.0617,1.2476,0.9702,0.05,0.0646,0.011653,0.035
1220,0.2637,0.0617,1.2476,0.9702,0.05,0.0646,0.011653,0.035
1221,0.2637,0.0617,1.2476,0.9702,0.05,0.0646,0.011653,0.035
1222,0.2637,0.0617,1.2476,0.9702,0.05,0.0646,0.011653,0.035
1223,0.2637,0.0617,1.2476,0.9702,0.05,0.0646,0.011653,0.035
1224,0.2637,0.0617,1.2476,0.9702,0.05,0.0646,0.011653,0.035
1225,0.2637,0.0617,1.2476,0.9702,0.05,0.0646,0.011653,0.035
1226,0.2637,0.0617,1.2476,0.9702,0.05,0.0646,0.011653,0.035
1227,0.2637,0.0617,1.2476,0.9702,0.05,0.0646,0.011653,0.035
1228,0.2637,0.0617,1.2476,0.9702,0.05,0.0646,0.011653,0.035
1229,0.2637,0.0617,1.2476,0.9702,0.05,0.0646,0.011653,0.035
1230,0.2637,0.0617,1.2476,0.9702,0.05,0.0646,0.011653,0.035
1231,0.2637,0.0617,1.2476,0.9702,0.05,0.0646,0.011653,0.035
1232,0.2637,0.0617,1.2476,0.9702,0.05,0.0646,0.011653,0.035
1233,0.2637,0.0617,1.2476,0.9702,0.05,0.0646,0.011653,0.035
1234,0.2637,0.0617,1.2476,0.9702,0.05,0.0646,0.011653,0.035
1235,0.2637,0.0617,1.2476,0.9702,0.05,0.0646,0.011653,0.035
1236,0.2637,0.0617,1.2476,0.9702,0.05,0.0646,0.011653,0.035
1237,0.2637,0.0617,1.2476,0.9702,0.05,0.0646,0.011653,0.035
1238,0.2637,0.0617,1.2476,0.9702,0.05,0.0646,0.011653,0.035
1239,0.2637,0.0617,1.2476,0.9702,0.05,0.0646,0.011653,0.035
1240,0.2637,0.0617,1.2476,0.9702,0.05,0.0646,0.011653,0.035
1241,0.2637,0.0617,1.2476,0.9702,0.05,0.0646,0.011653,0.035
1242,0.2637,0.0617,1.2476,0.9702,0.05,0.0646,0.011653,0.035
1243,0.2637,0.0617,1.2476,0.9702,0.05,0.0646,0.011653,0.035
1244,0.2637,0.0617,1.2476,0.9702,0.05,0.0646,0.011653,0.035
1245,0.2637,0.0617,1.2476,0.9702,0.05,0.0646,0.011653,0.035
1246,0.2637,0.0617,1.2476,0.9702,0.05,0.0646,0.011653,0.035
1247,0.2637,0.0617,1.2476,0.9702,0.05,0.0646,0.011653,0.035
1248,0.2637,0.0617,1.2476,0.9702,0.05,0.0646,0.011653,0.035
1249,0.2637,0.0617,1.2476,0.9702,0.05,0.0646,0.011653,0.035
1250,0.2637,0.0617,1.2476,0.9702,0.05,0.0646,0.011653,0.035
1251,0.2637,0.0617,1.2476,0.9702,0.05,0.0646,0.011653,0.035
1252,0.2637,0.0617,1.2476,0.9702,0.05,0.0646,0.011653,0.035
1253,0.2637,0.0617,1.2476,0.9702,0.05,0.0646,0.011653,0.035
1254,0.2637,0.0617,1.2476,0.9702,0.05,0.0646,0.011653,0.035
1255,0.2637,0.0617,1.2476,0.9702,0.05,0.0646,0.011653,0.035
1256,0.2637,0.0617,1.2476,0.9702,0.05,0.0646,0.011653,0.035
1257,0.2637,0.0617,1.2476,0.9702,0.05,0.0646,0.011653,0.035
1258,0.2637,0.0617,1.2476,0.9702,0.05,0.0646,0.011653,0.035
1259,0.2637,0.0617,1.2476,0.9702,0.05,0.0646,0.011653,0.035
1260,0.2637,0.0617,1.2476,0.9702,0.05,0.0646,0.011653,0.035
1261,0.2637,0.0617,1.2476,0.9702,0.05,0.0646,0.011653,0.035
1262,0.2637,0.0617,1.2476,0.9702,0.05,0.0646,0.011653,0.035
1263,0.2637,0.0617,1.2476,0.9702,0.05,0.0646,0.011653,0.035
1264,0.2637,0.0617,1.2476,0.9702,0.05,0.0646,0.011653,0.035
1265,0.2637,0.0617,1.2476,0.9702,0.05,0.0646,0.011653,0.035
1266,0.2637,0.0617,1.2476,0.9702,0.05,0.0646,0.011653,0.035
1267,0.2637,0.0617,1.2476,0.9702,0.05,0.0646,0.011653,0.035
1268,0.2637,0.0617,1.2476,0.9702,0.05,0.0644,0.011662,0.035
1269,0.2637,0.0618,1.2476,0.9703,0.0499,0.0643,0.011685,0.035
1270,0.2639,0.0619,1.2476,0.9703,0.0498,0.0644,0.011715,0.035
1271,0.2643,0.0622,1.2477,0.9703,0.0498,0.0646,0.011747,0.035
1272,0.2649,0.0625,1.2477,0.9703,0.0497,0.0649,0.011782,0.035
1273,0.2659,0.0628,1.2477,0.9703,0.0496,0.0652,0.01182,0.035
1274,0.2671,0.0631,1.2478,0.9704,0.0496,0.0655,0.011861,0.035
1275,0.2686,0.0634,1.2479,0.9704,0.0497,0.0659,0.011905,0.035
1276,0.2704,0.0637,1.2479,0.9705,0.0497,0.0662,0.011956,0.035
1277,0.2724,0.0639,1.248,0.9705,0.0497,0.0664,0.01202,0.035
1278,0.2747,0.0641,1.2481,0.9706,0.0498,0.0666,0.012098,0.035
1279,0.2772,0.0643,1.2482,0.9706,0.0499,0.0668,0.012193,0.035
1280,0.2798,0.0644,1.2483,0.9707,0.0499,0.0669,0.01231,0.035
1281,0.2825,0.0645,1.2484,0.9707,0.0499,0.067,0.012451,0.035
1282,0.2853,0.0646,1.2485,0.9708,0.05,0.0672,0.012619,0.035
1283,0.2881,0.0647,1.2486,0.9709,0.05,0.0673,0.012814,0.035
1284,0.2909,0.0648,1.2487,0.9709,0.05,0.0674,0.013037,0.035
1285,0.2937,0.065,1.2488,0.971,0.05,0.0676,0.013288,0.035
1286,0.2964,0.0652,1.2488,0.971,0.05,0.0678,0.013567,0.035
1287,0.2991,0.0654,1.2489,0.9711,0.05,0.0681,0.013873,0.035
1288,0.3018,0.0657,1.2489,0.9711,0.05,0.0684,0.014204,0.035
1289,0.3044,0.066,1.2489,0.9711,0.0499,0.0688,0.014557,0.035
1290,0.307,0.0665,1.2489,0.9712,0.0499,0.0692,0.014933,0.035
1291,0.3095,0.067,1.2488,0.9712,0.0499,0.0697,0.015331,0.035
1292,0.3121,0.0675,1.2488,0.9712,0.0499,0.0703,0.015748,0.035
1293,0.3146,0.0681,1.2487,0.9712,0.0498,0.0709,0.016181,0.035
1294,0.3172,0.0688,1.2486,0.9712,0.0498,0.0716,0.016631,0.035
1295,0.3198,0.0695,1.2485,0.9712,0.0498,0.0723,0.017096,0.035
1296,0.3225,0.0702,1.2484,0.9712,0.0497,0.0731,0.017576,0.035
1297,0.3252,0.071,1.2483,0.9712,0.0497,0.0739,0.018069,0.035
1298,0.3281,0.0719,1.2481,0.9712,0.0497,0.0748,0.018574,0.035
1299,0.331,0.0727,1.248,0.9712,0.0497,0.0757,0.019088,0.035
1300,0.3341,0.0736,1.2478,0.9712,0.0497,0.0766,0.019612,0.035
1301,0.3373,0.0745,1.2475,0.9711,0.0497,0.0776,0.020138,0.035
1302,0.3407,0.0754,1.2473,0.9711,0.0498,0.0787,0.020663,0.035
1303,0.3441,0.0762,1.247,0.971,0.0499,0.0798,0.021191,0.035
1304,0.3476,0.0772,1.2467,0.9709,0.05,0.0809,0.021719,0.035
1305,0.3512,0.0781,1.2463,0.9708,0.05,0.0821,0.022247,0.035
1306,0.3548,0.0791,1.2459,0.9707,0.05,0.0833,0.022769,0.035
1307,0.3584,0.0801,1.2455,0.9706,0.05,0.0847,0.023283,0.035
1308,0.3621,0.0813,1.245,0.9704,0.0499,0.0862,0.023785,0.035
1309,0.3659,0.0825,1.2444,0.9702,0.0498,0.0878,0.024268,0.035
1310,0.3698,0.0839,1.2438,0.97,0.0497,0.0895,0.024731,0.035
1311,0.3737,0.0853,1.2431,0.9697,0.0495,0.0914,0.02517,0.035
1312,0.3778,0.0869,1.2424,0.9694,0.0494,0.0934,0.025582,0.035
1313,0.3821,0.0884,1.2415,0.9691,0.0493,0.0955,0.025967,0.035
1314,0.3866,0.0899,1.2406,0.9687,0.0492,0.0977,0.026322,0.035
1315,0.3913,0.0914,1.2396,0.9683,0.049,0.1,0.02665,0.035
1316,0.3964,0.0926,1.2386,0.9679,0.049,0.1023,0.02695,0.035
1317,0.4017,0.0937,1.2375,0.9674,0.0489,0.1047,0.027225,0.035
1318,0.4074,0.0945,1.2363,0.967,0.0489,0.1069,0.027477,0.035
1319,0.4134,0.0949,1.2351,0.9665,0.0489,0.1092,0.027711,0.035
1320,0.4197,0.0949,1.2339,0.9661,0.049,0.1113,0.027929,0.035
1321,0.4263,0.0945,1.2326,0.9656,0.0491,0.1134,0.028137,0.035
1322,0.4331,0.0936,1.2313,0.9651,0.0492,0.1153,0.028339,0.035
1323,0.4401,0.0923,1.2299,0.9646,0.0494,0.1172,0.028536,0.035
1324,0.4472,0.0905,1.2285,0.9641,0.0494,0.1191,0.028731,0.035
1325,0.4543,0.0883,1.227,0.9635,0.0495,0.121,0.028922,0.035
1326,0.4616,0.0857,1.2254,0.963,0.0494,0.1229,0.029109,0.035
1327,0.469,0.0826,1.2238,0.9624,0.0494,0.1248,0.029289,0.035
1328,0.4764,0.0791,1.2221,0.9618,0.0494,0.1267,0.029462,0.035
1329,0.4839,0.075,1.2204,0.9612,0.0494,0.1288,0.029626,0.035
1330,0.4914,0.0704,1.2186,0.9605,0.0494,0.1309,0.029782,0.035
1331,0.4988,0.0653,1.2168,0.9599,0.0494,0.133,0.029929,0.035
1332,0.5061,0.0597,1.2149,0.9592,0.0495,0.1352,0.030063,0.035
1333,0.5131,0.0535,1.213,0.9585,0.0494,0.1374,0.03018,0.035
1334,0.5199,0.0468,1.211,0.9578,0.0494,0.1396,0.030277,0.035
1335,0.5263,0.0395,1.2091,0.9571,0.0498,0.1419,0.030319,0.035
1336,0.5322,0.0321,1.2073,0.9565,0.0501,0.144,0.030328,0.035
1337,0.5372,0.0256,1.2058,0.956,0.0502,0.1458,0.030322,0.035
1338,0.5409,0.0209,1.2044,0.9555,0.0472,0.147,0.030259,0.035
1339,0.5436,0.0183,1.2032,0.955,0.0448,0.1475,0.030102,0.035
1340,0.5456,0.0177,1.2023,0.9546,0.0447,0.1476,0.029885,0.035
1341,0.5474,0.0184,1.2016,0.9544,0.0456,0.1477,0.029656,0.035
1342,0.5491,0.0203,1.2008,0.9541,0.0469,0.1477,0.0294,0.035
1343,0.5505,0.0231,1.2,0.9538,0.0483,0.1477,0.029129,0.035
1344,0.5519,0.0258,1.1991,0.9534,0.0495,0.1478,0.028868,0.035
1345,0.5536,0.028,1.1983,0.9531,0.0498,0.1481,0.028628,0.035
1346,0.5551,0.0301,1.1975,0.9528,0.0498,0.1482,0.028374,0.035
1347,0.556,0.0325,1.1968,0.9524,0.0499,0.1478,0.028068,0.035
1348,0.5564,0.0344,1.1962,0.952,0.0495,0.1468,0.027742,0.035
1349,0.5565,0.0355,1.1961,0.952,0.0499,0.1454,0.027414,0.035
1350,0.5559,0.0366,1.1963,0.9521,0.05,0.1432,0.027011,0.035
1351,0.5541,0.0381,1.1966,0.9519,0.0494,0.1399,0.026508,0.035
1352,0.5514,0.0388,1.1974,0.952,0.0493,0.1356,0.025987,0.035
1353,0.5483,0.0388,1.1989,0.9527,0.05,0.1304,0.025427,0.035
1354,0.5438,0.0392,1.2006,0.9531,0.0528,0.1242,0.024628,0.035
1355,0.5364,0.0387,1.2038,0.9544,0.053,0.1147,0.023319,0.035
1356,0.5242,0.0362,1.2097,0.957,0.0521,0.0996,0.02187,0.035
1357,0.5094,0.0324,1.2171,0.9608,0.0526,0.0815,0.020765,0.0351
1358,0.4963,0.0317,1.2234,0.9642,0.0531,0.0669,0.020277,0.0351
1359,0.4885,0.0333,1.2272,0.9663,0.0531,0.0591,0.020355,0.0351
1360,0.4856,0.0376,1.2285,0.9672,0.0529,0.0578,0.020984,0.0351
1361,0.4865,0.046,1.2278,0.967,0.0519,0.0629,0.021926,0.0351
1362,0.4887,0.0565,1.2257,0.966,0.0509,0.0711,0.022761,0.0351
1363,0.4893,0.0651,1.2237,0.9647,0.0519,0.0775,0.022912,0.0351
1364,0.4884,0.0698,1.2228,0.9639,0.0532,0.0802,0.022408,0.0351
1365,0.4863,0.0705,1.2226,0.9634,0.0547,0.0789,0.02156,0.0351
1366,0.4833,0.0673,1.2229,0.9629,0.0569,0.0739,0.020611,0.0352
1367,0.4787,0.0606,1.2237,0.9624,0.0606,0.0652,0.01961,0.0352
1368,0.473,0.0506,1.225,0.962,0.0654,0.0532,0.018548,0.0351
1369,0.4663,0.0382,1.2265,0.9617,0.0704,0.039,0.0174,0.0351
1370,0.4587,0.0249,1.2277,0.9613,0.0738,0.0253,0.01619,0.0351
1371,0.4505,0.012,1.2283,0.9603,0.0736,0.018,0.01501,0.0351
1372,0.443,0.0007,1.2278,0.9585,0.069,0.0229,0.01416,0.035
1373,0.4371,-0.0075,1.227,0.9569,0.0637,0.0318,0.013827,0.035
1374,0.4335,-0.0126,1.227,0.9564,0.0598,0.0385,0.013895,0.035
1375,0.4327,-0.0156,1.2273,0.9567,0.0572,0.0421,0.014154,0.035
1376,0.4345,-0.0169,1.2273,0.957,0.0555,0.0428,0.014473,0.035
1377,0.4383,-0.017,1.2268,0.957,0.0541,0.0413,0.014822,0.035
1378,0.4436,-0.016,1.2259,0.9568,0.053,0.0379,0.015223,0.035
1379,0.45,-0.014,1.2246,0.9565,0.052,0.0333,0.015721,0.035
1380,0.4571,-0.0112,1.2233,0.9564,0.0513,0.028,0.016324,0.035
1381,0.4643,-0.0078,1.2222,0.9565,0.0507,0.0224,0.016957,0.035
1382,0.4712,-0.0039,1.2213,0.9567,0.0503,0.0176,0.017591,0.035
1383,0.4773,0.0002,1.2205,0.9571,0.0502,0.0143,0.018191,0.035
1384,0.4826,0.0043,1.22,0.9576,0.0502,0.0133,0.018723,0.035
1385,0.487,0.0082,1.2195,0.958,0.0501,0.0143,0.01916,0.035
1386,0.4905,0.0117,1.2192,0.9584,0.0501,0.0165,0.019508,0.035
1387,0.493,0.0149,1.219,0.9587,0.05,0.0189,0.019779,0.035
1388,0.4948,0.0177,1.2189,0.9591,0.05,0.0213,0.019985,0.035
1389,0.4959,0.0201,1.219,0.9594,0.0501,0.0234,0.020139,0.035
1390,0.4966,0.0221,1.2191,0.9597,0.0504,0.0254,0.020267,0.035
1391,0.4969,0.0239,1.2193,0.96,0.051,0.0272,0.020389,0.035
1392,0.4971,0.0256,1.2196,0.9604,0.0515,0.0291,0.020516,0.035
1393,0.4973,0.0272,1.2199,0.9608,0.0513,0.031,0.020658,0.035
1394,0.4975,0.0288,1.2202,0.9612,0.0511,0.0329,0.020816,0.035
1395,0.4979,0.0305,1.2205,0.9616,0.0508,0.0349,0.020986,0.035
1396,0.4984,0.0323,1.2207,0.962,0.0507,0.037,0.021159,0.035
1397,0.4992,0.034,1.2208,0.9623,0.0509,0.039,0.021337,0.035
1398,0.5001,0.0355,1.2208,0.9625,0.0511,0.0408,0.021518,0.035
1399,0.5012,0.0368,1.2207,0.9627,0.0513,0.0424,0.021698,0.035
1400,0.5026,0.0379,1.2205,0.9628,0.0514,0.0436,0.021879,0.035
1401,0.504,0.0388,1.2202,0.9628,0.0514,0.0447,0.022068,0.035
1402,0.5057,0.0395,1.2198,0.9629,0.051,0.0455,0.02226,0.035
1403,0.5074,0.04,1.2194,0.9629,0.0505,0.0462,0.02245,0.035
1404,0.5091,0.0404,1.219,0.9628,0.0504,0.0468,0.022638,0.035
1405,0.5109,0.0408,1.2186,0.9628,0.0504,0.0473,0.022829,0.035
1406,0.5126,0.0411,1.2181,0.9628,0.0503,0.0478,0.023014,0.035
1407,0.5143,0.0414,1.2177,0.9628,0.05,0.0483,0.023196,0.035
1408,0.516,0.0417,1.2173,0.9628,0.0498,0.0488,0.023383,0.035
1409,0.5176,0.042,1.217,0.9628,0.0497,0.0493,0.023569,0.035
1410,0.5192,0.0424,1.2166,0.9629,0.0497,0.0499,0.02375,0.035
1411,0.5208,0.0428,1.2163,0.9629,0.0497,0.0506,0.023936,0.035
1412,0.5223,0.0433,1.216,0.963,0.0497,0.0513,0.024124,0.035
1413,0.5238,0.0437,1.2157,0.9631,0.0498,0.052,0.024306,0.035
1414,0.5253,0.0442,1.2154,0.9632,0.0499,0.0527,0.024492,0.035
1415,0.5268,0.0447,1.2151,0.9633,0.0499,0.0534,0.024685,0.035
1416,0.5283,0.0451,1.2149,0.9634,0.05,0.0541,0.024872,0.035
1417,0.5298,0.0456,1.2146,0.9635,0.05,0.0548,0.025063,0.035
1418,0.5313,0.0461,1.2143,0.9636,0.05,0.0555,0.025262,0.035
1419,0.5328,0.0466,1.214,0.9637,0.05,0.0562,0.025455,0.035
1420,0.5344,0.047,1.2137,0.9638,0.05,0.0569,0.025651,0.035
1421,0.5359,0.0475,1.2133,0.9639,0.05,0.0576,0.025857,0.035
1422,0.5375,0.048,1.213,0.964,0.05,0.0583,0.026053,0.035
1423,0.5391,0.0485,1.2127,0.9641,0.05,0.059,0.026255,0.035
1424,0.5406,0.0489,1.2124,0.9641,0.05,0.0597,0.026466,0.035
1425,0.5423,0.0494,1.212,0.9642,0.05,0.0604,0.026659,0.035
1426,0.5438,0.0499,1.2117,0.9643,0.05,0.0612,0.02687,0.035
1427,0.5454,0.0504,1.2113,0.9644,0.05,0.0619,0.027078,0.035
1428,0.547,0.0509,1.211,0.9645,0.05,0.0626,0.027267,0.035
1429,0.5485,0.0514,1.2106,0.9646,0.05,0.0633,0.02749,0.035
1430,0.5501,0.0519,1.2103,0.9647,0.05,0.064,0.027679,0.035
1431,0.5515,0.0524,1.2099,0.9648,0.05,0.0648,0.027879,0.035
1432,0.553,0.0529,1.2096,0.9649,0.05,0.0655,0.028104,0.035
1433,0.5546,0.0533,1.2093,0.965,0.05,0.0662,0.028262,0.035
1434,0.5559,0.0538,1.2089,0.9651,0.05,0.0671,0.028514,0.035
1435,0.5576,0.0543,1.2086,0.9652,0.05,0.0677,0.02867,0.035
1436,0.5589,0.0548,1.2083,0.9653,0.05,0.0686,0.028887,0.035
1437,0.5604,0.0552,1.208,0.9654,0.05,0.0693,0.029113,0.035
1438,0.5619,0.0557,1.2077,0.9655,0.05,0.07,0.029225,0.035
1439,0.563,0.0562,1.2074,0.9656,0.05,0.071,0.029586,0.035
1440,0.5651,0.0566,1.2071,0.9659,0.0499,0.0713,0.029537,0.035
1441,0.5656,0.0572,1.2067,0.9657,0.05,0.0728,0.030085,0.035
1442,0.5683,0.0574,1.2064,0.9662,0.0499,0.0726,0.029831,0.035
1443,0.568,0.0582,1.206,0.9658,0.0499,0.0746,0.0306,0.035
1444,0.5714,0.0582,1.2059,0.9666,0.0499,0.0738,0.030341,0.035
1445,0.5713,0.0591,1.2056,0.9663,0.05,0.0758,0.031073,0.035
1446,0.5748,0.0597,1.2057,0.9675,0.0499,0.0754,0.031311,0.035
1447,0.5764,0.0598,1.2049,0.9672,0.0497,0.076,0.030824,0.035
1448,0.5755,0.0614,1.2045,0.9666,0.0497,0.079,0.031899,0.035
1449,0.5803,0.0607,1.2051,0.9685,0.049,0.0767,0.032509,0.035
1450,0.5814,0.0589,1.2064,0.9699,0.0495,0.0753,0.031764,0.035
1451,0.5779,0.0606,1.2073,0.9699,0.0494,0.0794,0.032104,0.035
1452,0.5798,0.0628,1.2081,0.9714,0.0498,0.0809,0.033555,0.035
1453,0.5857,0.0607,1.2102,0.9749,0.0487,0.0766,0.033779,0.035
1454,0.5848,0.0581,1.2125,0.9768,0.0495,0.0756,0.032613,0.035
1455,0.5792,0.0588,1.2134,0.976,0.0497,0.0807,0.03304,0.035
1456,0.5803,0.0585,1.214,0.9769,0.0494,0.0809,0.033345,0.035
1457,0.5801,0.057,1.2148,0.9775,0.0495,0.0812,0.032406,0.035
1458,0.5763,0.0584,1.2147,0.9764,0.0496,0.0862,0.032857,0.035
1459,0.5793,0.0599,1.2142,0.9769,0.05,0.0866,0.034272,0.035
1460,0.5855,0.0589,1.2146,0.979,0.0499,0.083,0.033939,0.035
1461,0.5851,0.0598,1.2148,0.9791,0.0495,0.0852,0.034008,0.035
1462,0.5874,0.0623,1.2141,0.9793,0.0495,0.0869,0.035482,0.035
1463,0.595,0.0609,1.2146,0.982,0.0478,0.0821,0.036812,0.035
1464,0.5985,0.0579,1.2178,0.9858,0.0492,0.0784,0.036034,0.035
1465,0.5935,0.0585,1.221,0.9874,0.0484,0.0831,0.035087,0.035
1466,0.5899,0.0619,1.2198,0.9854,0.05,0.0896,0.035646,0.035
1467,0.5936,0.0614,1.2182,0.985,0.0489,0.0883,0.036704,0.035
1468,0.5963,0.0578,1.2207,0.988,0.0495,0.085,0.036084,0.035
1469,0.5921,0.0575,1.2242,0.9901,0.0489,0.089,0.035344,0.035
1470,0.5889,0.0593,1.2246,0.9896,0.05,0.0942,0.036154,0.035
1471,0.5923,0.0573,1.2261,0.9919,0.0476,0.0918,0.037092,0.035
1472,0.5931,0.0527,1.2309,0.9964,0.0488,0.0898,0.036161,0.035
1473,0.5861,0.0516,1.2358,0.999,0.0488,0.0968,0.035099,0.035
1474,0.5799,0.0524,1.2373,0.9987,0.0497,0.1042,0.035498,0.035
1475,0.5803,0.0494,1.2397,1.001,0.0471,0.1026,0.036058,0.035
1476,0.578,0.0441,1.2457,1.0059,0.0491,0.103,0.034817,0.035
1477,0.568,0.0423,1.2518,1.009,0.0479,0.1123,0.033563,0.035
1478,0.5601,0.0425,1.2534,1.0084,0.0499,0.1198,0.033724,0.035
1479,0.5596,0.0392,1.2547,1.0094,0.0471,0.1194,0.034103,0.035
1480,0.5562,0.0347,1.2599,1.0134,0.0497,0.1223,0.03278,0.035
1481,0.5457,0.0326,1.265,1.0157,0.0478,0.1329,0.031568,0.035
1482,0.5383,0.0314,1.2655,1.0144,0.0492,0.1397,0.031776,0.035
1483,0.5379,0.028,1.2661,1.0148,0.0464,0.1395,0.03201,0.035
1484,0.5338,0.0251,1.2686,1.0162,0.049,0.1435,0.030475,0.035
1485,0.5236,0.0243,1.2696,1.0149,0.0431,0.1533,0.029102,0.035
1486,0.517,0.0252,1.2671,1.0109,0.0465,0.1591,0.029396,0.035
1487,0.5189,0.0233,1.2651,1.0094,0.0467,0.1565,0.03044,0.035
1488,0.5217,0.0225,1.2656,1.0105,0.0462,0.1538,0.029834,0.035
1489,0.5201,0.0237,1.2647,1.0093,0.0402,0.1553,0.029298,0.035
1490,0.5218,0.027,1.2603,1.0055,0.0444,0.1534,0.030538,0.035
1491,0.5315,0.0279,1.2568,1.0042,0.0466,0.1435,0.032247,0.035
1492,0.54,0.0287,1.2552,1.0047,0.046,0.1352,0.032013,0.035
1493,0.5434,0.0316,1.2521,1.0026,0.0378,0.132,0.031688,0.035
1494,0.549,0.0379,1.2455,0.9978,0.0403,0.1275,0.03319,0.035
1495,0.5617,0.0416,1.2397,0.9957,0.0463,0.1162,0.035231,0.035
1496,0.5726,0.0427,1.2376,0.9965,0.0441,0.1064,0.035294,0.035
1497,0.5769,0.0452,1.2363,0.9966,0.0391,0.1034,0.035199,0.035
1498,0.583,0.0503,1.231,0.9935,0.043,0.1003,0.036913,0.035
1499,0.5959,0.0531,1.2258,0.9925,0.0486,0.0911,0.039111,0.035
1500,0.6067,0.0534,1.2245,0.9945,0.0468,0.0828,0.03924,0.035
1501,0.6109,0.0556,1.2239,0.9954,0.0439,0.0813,0.038895,0.035
1502,0.6141,0.0595,1.2202,0.993,0.0478,0.0821,0.040129,0.035
1503,0.6217,0.0606,1.2174,0.9929,0.0483,0.0784,0.041756,0.035
1504,0.6275,0.0591,1.2187,0.996,0.05,0.0736,0.041314,0.035
1505,0.6263,0.06,1.221,0.9978,0.0479,0.0747,0.04032,0.035
1506,0.6235,0.0625,1.2199,0.996,0.0506,0.0785,0.04072,0.035
1507,0.6247,0.0619,1.2196,0.996,0.0478,0.0773,0.041504,0.035
1508,0.6245,0.0578,1.2235,0.9994,0.0491,0.0738,0.040412,0.035
1509,0.6174,0.0571,1.2285,1.0019,0.049,0.0775,0.038921,0.035
1510,0.6091,0.0589,1.23,1.0007,0.05,0.0846,0.038795,0.035
1511,0.6056,0.0565,1.2321,1.0016,0.0472,0.0855,0.038902,0.035
1512,0.6005,0.0503,1.2383,1.0055,0.0486,0.0859,0.037223,0.035
1513,0.5882,0.0479,1.2449,1.0082,0.0506,0.0957,0.035558,0.035
1514,0.5778,0.0483,1.2468,1.0071,0.0491,0.1052,0.035342,0.035
1515,0.5746,0.045,1.2485,1.0076,0.0458,0.1068,0.035413,0.035
1516,0.5699,0.0381,1.254,1.0114,0.0474,0.1095,0.033888,0.035
1517,0.558,0.0352,1.2598,1.0138,0.0496,0.1209,0.032458,0.035
1518,0.5487,0.034,1.2611,1.0127,0.0473,0.1295,0.032414,0.035
1519,0.5465,0.0303,1.2623,1.0132,0.0451,0.1309,0.032527,0.035
1520,0.5409,0.0267,1.2672,1.0165,0.0486,0.1367,0.030969,0.035
1521,0.5281,0.0247,1.2718,1.018,0.0487,0.1496,0.029617,0.035
1522,0.5193,0.0228,1.2718,1.016,0.0487,0.1577,0.02971,0.035
1523,0.5177,0.0199,1.2719,1.0157,0.0461,0.1589,0.030055,0.035
1524,0.5153,0.0191,1.2718,1.0151,0.0471,0.1611,0.028873,0.035
1525,0.5097,0.0204,1.2696,1.0118,0.0387,0.1661,0.027988,0.035
1526,0.5083,0.024,1.2653,1.0074,0.0412,0.1669,0.028896,0.035
1527,0.5163,0.0249,1.2615,1.0054,0.0456,0.1586,0.03073,0.035
1528,0.5264,0.0264,1.2597,1.0058,0.0422,0.1487,0.030811,0.035
1529,0.5321,0.0297,1.2562,1.0038,0.0342,0.1432,0.030912,0.035
1530,0.5402,0.0368,1.2499,0.9999,0.0378,0.1361,0.032839,0.035
1531,0.5557,0.0406,1.2443,0.9985,0.0452,0.1219,0.035154,0.035
1532,0.5688,0.0416,1.2418,0.9995,0.0435,0.1098,0.035247,0.035
1533,0.5744,0.0443,1.239,0.9985,0.0383,0.1055,0.035118,0.035
1534,0.5814,0.0499,1.2323,0.9942,0.0421,0.1015,0.036595,0.035
1535,0.5937,0.0529,1.2258,0.9918,0.0472,0.0928,0.038584,0.035
1536,0.6039,0.0539,1.2233,0.9925,0.0453,0.0854,0.038591,0.035
1537,0.6079,0.0564,1.2218,0.9924,0.0428,0.0841,0.038338,0.035
1538,0.6123,0.0604,1.2173,0.9898,0.047,0.0844,0.039834,0.035
1539,0.622,0.0618,1.214,0.9899,0.0485,0.0798,0.041712,0.035
1540,0.6296,0.0607,1.2146,0.9929,0.0499,0.0745,0.041433,0.035
1541,0.6298,0.0619,1.216,0.9943,0.0478,0.075,0.040664,0.035
1542,0.6283,0.0648,1.2146,0.9926,0.0506,0.0785,0.041282,0.035
1543,0.63,0.0646,1.2145,0.9931,0.0486,0.0775,0.041691,0.035
1544,0.6275,0.0625,1.2171,0.9947,0.0495,0.0767,0.039859,0.035
1545,0.6173,0.0626,1.22,0.994,0.0488,0.0824,0.038147,0.035
1546,0.61,0.0642,1.2186,0.9905,0.0504,0.0885,0.03785,0.035
1547,0.6085,0.0631,1.2176,0.9891,0.0476,0.0889,0.038336,0.035
1548,0.608,0.0573,1.2206,0.9914,0.0471,0.0848,0.03725,0.035
1549,0.5999,0.0539,1.2259,0.9938,0.0474,0.0884,0.036739,0.035
1550,0.5923,0.0525,1.2308,0.9961,0.0488,0.0935,0.03498,0.035
1551,0.5812,0.0515,1.2328,0.9948,0.0484,0.1025,0.034514,0.035
1552,0.5758,0.0492,1.2344,0.9947,0.0484,0.1061,0.033336,0.035
1553,0.5685,0.047,1.236,0.9941,0.0478,0.1118,0.033308,0.035
1554,0.5666,0.0452,1.2368,0.9943,0.0486,0.1129,0.032317,0.035
1555,0.5622,0.0449,1.2358,0.9921,0.0483,0.1167,0.032688,0.035
1556,0.5644,0.045,1.2343,0.9912,0.0493,0.1146,0.032432,0.035
1557,0.5655,0.0463,1.2319,0.9893,0.0492,0.1141,0.033411,0.035
1558,0.572,0.0483,1.2293,0.9887,0.0489,0.1091,0.033279,0.035
1559,0.5753,0.0518,1.2253,0.9859,0.0495,0.1079,0.034549,0.035
1560,0.5845,0.0553,1.221,0.9846,0.0485,0.1021,0.034768,0.035
1561,0.5901,0.059,1.2167,0.9823,0.0493,0.1001,0.036149,0.035
1562,0.5993,0.0619,1.2127,0.9815,0.0485,0.0954,0.036232,0.035
1563,0.6033,0.0648,1.2096,0.9799,0.0493,0.0951,0.037414,0.035
1564,0.6101,0.0668,1.2069,0.9797,0.0489,0.0926,0.037193,0.035
1565,0.6114,0.0687,1.2051,0.9786,0.0496,0.0936,0.038076,0.035
1566,0.6156,0.0694,1.2038,0.9787,0.0496,0.092,0.037566,0.035
1567,0.6144,0.0701,1.2034,0.978,0.0502,0.0933,0.038165,0.035
1568,0.6161,0.0696,1.2035,0.9786,0.0496,0.0919,0.037411,0.035
1569,0.6127,0.0693,1.2044,0.9783,0.0491,0.0934,0.037792,0.035
1570,0.6126,0.0679,1.2056,0.9793,0.0485,0.0922,0.036887,0.035
1571,0.6077,0.0671,1.2073,0.9793,0.0483,0.0943,0.037114,0.035
1572,0.6062,0.0653,1.2093,0.9806,0.0481,0.0935,0.036123,0.035
1573,0.6004,0.0642,1.2116,0.9809,0.0481,0.0964,0.036274,0.035
1574,0.5985,0.0623,1.2138,0.9823,0.0482,0.0961,0.03529,0.035
1575,0.5926,0.0611,1.2161,0.9827,0.0483,0.0995,0.035453,0.035
1576,0.5909,0.0593,1.2182,0.984,0.0486,0.0994,0.03455,0.035
1577,0.5857,0.0583,1.2201,0.9842,0.0487,0.1028,0.034801,0.035
1578,0.5849,0.0568,1.2216,0.9854,0.0492,0.1025,0.034024,0.035
1579,0.5808,0.0562,1.2228,0.9853,0.0493,0.1055,0.03441,0.035
1580,0.5815,0.0552,1.2236,0.9862,0.0499,0.1044,0.033778,0.035
1581,0.5787,0.0551,1.224,0.9858,0.0498,0.1066,0.03431,0.035
1582,0.5807,0.0547,1.224,0.9864,0.0496,0.1047,0.03381,0.035
1583,0.5793,0.0552,1.2236,0.9856,0.05,0.1062,0.034472,0.035
1584,0.5824,0.0554,1.223,0.9859,0.0493,0.1037,0.034071,0.035
1585,0.582,0.0562,1.2221,0.985,0.0498,0.1046,0.034829,0.035
1586,0.5859,0.0567,1.2211,0.9852,0.0491,0.1017,0.034476,0.035
1587,0.5859,0.0578,1.22,0.9842,0.0498,0.1024,0.035272,0.035
1588,0.59,0.0584,1.2188,0.9843,0.0492,0.0995,0.034911,0.035
1589,0.5899,0.0594,1.2179,0.9834,0.0498,0.1003,0.035685,0.035
1590,0.5937,0.0598,1.2169,0.9837,0.0493,0.0977,0.03527,0.035
1591,0.5931,0.0607,1.2162,0.9829,0.05,0.0988,0.035979,0.035
1592,0.5963,0.0608,1.2156,0.9832,0.0496,0.0965,0.035483,0.035
1593,0.5949,0.0613,1.2153,0.9826,0.0501,0.0979,0.036107,0.035
1594,0.5973,0.0611,1.2151,0.9831,0.0498,0.096,0.03553,0.035
1595,0.5952,0.0614,1.2152,0.9826,0.0497,0.0977,0.036074,0.035
1596,0.5969,0.0609,1.2154,0.9832,0.0497,0.0961,0.035432,0.035
1597,0.5942,0.0609,1.2158,0.9829,0.0494,0.0981,0.035916,0.035
1598,0.5954,0.0602,1.2163,0.9836,0.0495,0.0968,0.035237,0.035
1599,0.5923,0.0601,1.2169,0.9833,0.0492,0.099,0.035688,0.035
1600,0.5932,0.0594,1.2175,0.984,0.0494,0.0977,0.035002,0.035
